updated,location_id,location_name,machine_name,freezer_id,address,skuid,barcode,name,price,stock,capacity,fill_pct,stock_warning,stock_updated
2026-04-23T11:39:47Z,doylestown,333 North Broad,333 North Broad Ambient,15519,"333 North Broad Doylestown PA, 18901",S0B26050ED251100C,079656045321,Banana Boat Sport Ultra 30 SPF 1oz,2.97,5,5,100,0,2026-04-14 16:28:55
2026-04-23T11:39:47Z,doylestown,333 North Broad,333 North Broad Ambient,15519,"333 North Broad Doylestown PA, 18901",S0B2D3F1A0DAD1005,0013971004311,Bare Apple Chips,2.57,5,5,100,0,2026-04-14 16:28:55
2026-04-23T11:39:47Z,doylestown,333 North Broad,333 North Broad Ambient,15519,"333 North Broad Doylestown PA, 18901",S0B2D11ED32131009,013971003338,Bare Banana Chips,2.57,6,6,100,0,2026-04-14 16:28:55
2026-04-23T11:39:47Z,doylestown,333 North Broad,333 North Broad Ambient,15519,"333 North Broad Doylestown PA, 18901",S0B2D4022EBB71006,0684173012,Bare Coconut chips,7.97,4,4,100,0,2026-04-14 16:28:55
2026-04-23T11:39:47Z,doylestown,333 North Broad,333 North Broad Ambient,15519,"333 North Broad Doylestown PA, 18901",S0B2C18F46F081002,F0B2C18F46F081000,Bear Naked Vanilla Granola,1.97,2,2,100,0,2026-04-14 16:28:55
2026-04-23T11:39:47Z,doylestown,333 North Broad,333 North Broad Ambient,15519,"333 North Broad Doylestown PA, 18901",S0B2740EB95E01006,850076106010,Beef Liver Dog Treats,19.99,4,4,100,0,2026-04-14 16:28:55
2026-04-23T11:39:47Z,doylestown,333 North Broad,333 North Broad Ambient,15519,"333 North Broad Doylestown PA, 18901",S0B260510FB391004,860002564531,Betterway Toilet Paper Roll,3.57,8,9,89,0,2026-04-18 20:31:39
2026-04-23T11:39:47Z,doylestown,333 North Broad,333 North Broad Ambient,15519,"333 North Broad Doylestown PA, 18901",S0B2D5C80C7741005,810113830742,Body Armor IV StrKiwi,2.07,15,15,100,0,2026-04-14 16:28:55
2026-04-23T11:39:47Z,doylestown,333 North Broad,333 North Broad Ambient,15519,"333 North Broad Doylestown PA, 18901",S0B2D5C7E61611005,810113830728,Body Armor IV TrPnch,2.07,15,15,100,0,2026-04-14 16:28:55
2026-04-23T11:39:47Z,doylestown,333 North Broad,333 North Broad Ambient,15519,"333 North Broad Doylestown PA, 18901",S0B2C6BE9F76D100A,2410012261,Cheez-It 1.5 oz,2.07,0,2,0,0,2026-04-19 23:57:16
2026-04-23T11:39:47Z,doylestown,333 North Broad,333 North Broad Ambient,15519,"333 North Broad Doylestown PA, 18901",S0B2BA2E2259B1009,643843713944,Cliff  Chocolate Chip Protein Bar,2.67,-2,3,-67,0,2026-04-19 20:17:49
2026-04-23T11:39:47Z,doylestown,333 North Broad,333 North Broad Ambient,15519,"333 North Broad Doylestown PA, 18901",S0B2D5CAD34F61005,722252128126,Cliff Mini,1.27,7,10,70,0,2026-04-22 21:36:01
2026-04-23T11:39:47Z,doylestown,333 North Broad,333 North Broad Ambient,15519,"333 North Broad Doylestown PA, 18901",S0B248CF276F51003,F0B239C6DAB1D1003,Clorox Wipes Lemon Scent,7.17,3,3,100,0,2026-04-14 16:28:55
2026-04-23T11:39:47Z,doylestown,333 North Broad,333 North Broad Ambient,15519,"333 North Broad Doylestown PA, 18901",S0B2D917CE7351001,850004867556,Coconut Milk Powder,21.99,2,2,100,0,2026-04-14 16:28:55
2026-04-23T11:39:47Z,doylestown,333 North Broad,333 North Broad Ambient,15519,"333 North Broad Doylestown PA, 18901",S0B25FC7B42F61009,00017000353029,Dial Foaming Antibacterial and Moisturizing Handwash,4.57,3,3,100,0,2026-04-14 16:28:55
2026-04-23T11:39:47Z,doylestown,333 North Broad,333 North Broad Ambient,15519,"333 North Broad Doylestown PA, 18901",S0B248CF276AE1005,039800099099,Energizer AAA Batteries,6.07,3,3,100,0,2026-04-14 16:28:55
2026-04-23T11:39:47Z,doylestown,333 North Broad,333 North Broad Ambient,15519,"333 North Broad Doylestown PA, 18901",S0B2C190FF47D100D,F0B2C190FF47D100B,Febreze mini,2.97,1,1,100,0,2026-04-14 16:28:55
2026-04-23T11:39:47Z,doylestown,333 North Broad,333 North Broad Ambient,15519,"333 North Broad Doylestown PA, 18901",S0B2D48427F221004,044000037444,Fig Newtowns,2.07,8,9,89,0,2026-04-22 01:17:32
2026-04-23T11:39:47Z,doylestown,333 North Broad,333 North Broad Ambient,15519,"333 North Broad Doylestown PA, 18901",S0B2D917A76A51001,860012118977,Happy Aging Glow Shots,7.99,9,10,90,0,2026-04-16 10:18:40
2026-04-23T11:39:47Z,doylestown,333 North Broad,333 North Broad Ambient,15519,"333 North Broad Doylestown PA, 18901",S0B2D11E008E11008,850004554029,IQ Bar Chocolate Sea Salt,3.97,3,5,60,0,2026-04-23 02:00:54
2026-04-23T11:39:47Z,doylestown,333 North Broad,333 North Broad Ambient,15519,"333 North Broad Doylestown PA, 18901",S0B246944E2B11004,17082110725,JACK LINKS TERIYAKI BEEF STEAK,4.57,4,5,80,0,2026-04-19 23:55:53
2026-04-23T11:39:47Z,doylestown,333 North Broad,333 North Broad Ambient,15519,"333 North Broad Doylestown PA, 18901",S0B26860EB3691005,192188778786,JisuLife Portable Fan Pink,15.77,4,4,100,0,2026-04-14 16:28:55
2026-04-23T11:39:47Z,doylestown,333 North Broad,333 North Broad Ambient,15519,"333 North Broad Doylestown PA, 18901",S0B2C19076DF51005,F0B2C19076DF51003,JNJ first aid,4.07,2,2,100,0,2026-04-14 16:28:55
2026-04-23T11:39:47Z,doylestown,333 North Broad,333 North Broad Ambient,15519,"333 North Broad Doylestown PA, 18901",S0B2D918381EA1006,850004867198,Lion’s Mane Mush powder,21.99,2,2,100,0,2026-04-14 16:28:55
2026-04-23T11:39:47Z,doylestown,333 North Broad,333 North Broad Ambient,15519,"333 North Broad Doylestown PA, 18901",S0B2D5C6DC51A1001,810125972157,Liquid IV StraWatermelon,2.07,11,13,85,0,2026-04-17 13:18:38
2026-04-23T11:39:47Z,doylestown,333 North Broad,333 North Broad Ambient,15519,"333 North Broad Doylestown PA, 18901",S0B2D5C726B89100A,850039286827,Liquid IV WhtPeach,2.07,14,14,100,0,2026-04-14 16:28:55
2026-04-23T11:39:47Z,doylestown,333 North Broad,333 North Broad Ambient,15519,"333 North Broad Doylestown PA, 18901",S0B2D5C8AA5EE1004,810127500938,McLovin BeefSal,18.97,4,4,100,0,2026-04-14 16:28:55
2026-04-23T11:39:47Z,doylestown,333 North Broad,333 North Broad Ambient,15519,"333 North Broad Doylestown PA, 18901",S0B29439727A41005,F0B29439727A41003,Memory Game,10.07,4,4,100,0,2026-04-14 16:28:55
2026-04-23T11:39:47Z,doylestown,333 North Broad,333 North Broad Ambient,15519,"333 North Broad Doylestown PA, 18901",S0B2D484E0EFD1001,014100043706,Milano,2.57,9,10,90,0,2026-04-21 01:41:07
2026-04-23T11:39:47Z,doylestown,333 North Broad,333 North Broad Ambient,15519,"333 North Broad Doylestown PA, 18901",S0B2D5CAB0B6E1005,044000020071,Mini Chips Ahoy,2.07,5,7,71,0,2026-04-21 01:41:07
2026-04-23T11:39:47Z,doylestown,333 North Broad,333 North Broad Ambient,15519,"333 North Broad Doylestown PA, 18901",S0B27933ECA6F1006,846307061562,Moon Dance Scented Candle,16.99,2,2,100,0,2026-04-14 16:28:55
2026-04-23T11:39:47Z,doylestown,333 North Broad,333 North Broad Ambient,15519,"333 North Broad Doylestown PA, 18901",S0B2D917EFADE1003,857245003927,Moringa Powder,21.99,3,3,100,0,2026-04-14 16:28:55
2026-04-23T11:39:47Z,doylestown,333 North Broad,333 North Broad Ambient,15519,"333 North Broad Doylestown PA, 18901",S0B2D5E27CFA51006,738537030121,Muenster Beef & Sweet,9.99,1,1,100,0,2026-04-14 16:28:55
2026-04-23T11:39:47Z,doylestown,333 North Broad,333 North Broad Ambient,15519,"333 North Broad Doylestown PA, 18901",S0B2D5E298FD31002,738537030138,Muenster Chicken & Sweet,9.99,2,2,100,0,2026-04-14 16:28:55
2026-04-23T11:39:47Z,doylestown,333 North Broad,333 North Broad Ambient,15519,"333 North Broad Doylestown PA, 18901",S0B27699FEC921007,047495400700,Natures Bakery - Double Chocolate Brownie,2.57,6,7,86,0,2026-04-17 13:18:38
2026-04-23T11:39:47Z,doylestown,333 North Broad,333 North Broad Ambient,15519,"333 North Broad Doylestown PA, 18901",S0B2885215A1B1003,047495112900,Natures Bakery blueberry fig bat,2.57,8,10,80,0,2026-04-22 03:53:43
2026-04-23T11:39:47Z,doylestown,333 North Broad,333 North Broad Ambient,15519,"333 North Broad Doylestown PA, 18901",S0B271C0F5611100C,F0B271C0F5611100A,"Neck Fan Portable 3 Speed, Rechargeable",21.99,2,2,100,0,2026-04-14 16:28:55
2026-04-23T11:39:47Z,doylestown,333 North Broad,333 North Broad Ambient,15519,"333 North Broad Doylestown PA, 18901",S0B25FC58DD6C1004,8680011254,Neutrogena Beach Defense spf 50,11.97,8,8,100,0,2026-04-14 16:28:55
2026-04-23T11:39:47Z,doylestown,333 North Broad,333 North Broad Ambient,15519,"333 North Broad Doylestown PA, 18901",S0B25FC53055E1009,8680010040,Neutrogena Ultra Sheer Body Mist Sunscreen,11.97,3,3,100,0,2026-04-14 16:28:55
2026-04-23T11:39:47Z,doylestown,333 North Broad,333 North Broad Ambient,15519,"333 North Broad Doylestown PA, 18901",S0B246944E3D51001,044000047009,Oreo Cookies-Sleeve Pack,2.57,5,7,71,0,2026-04-22 01:17:32
2026-04-23T11:39:47Z,doylestown,333 North Broad,333 North Broad Ambient,15519,"333 North Broad Doylestown PA, 18901",S0B2D5DDDD87E1009,85005575622,Perfect Amino,2.99,13,13,100,0,2026-04-14 16:28:55
2026-04-23T11:39:47Z,doylestown,333 North Broad,333 North Broad Ambient,15519,"333 North Broad Doylestown PA, 18901",S0B2BAC9D24491002,F0B2BAC9D24491000,Pop Secret popcorn,2.57,9,9,100,0,2026-04-14 16:28:55
2026-04-23T11:39:47Z,doylestown,333 North Broad,333 North Broad Ambient,15519,"333 North Broad Doylestown PA, 18901",S0B2D5E2BE692100C,89294229,Raw Sugar Hibiscus,6.99,2,2,100,0,2026-04-14 16:28:55
2026-04-23T11:39:47Z,doylestown,333 North Broad,333 North Broad Ambient,15519,"333 North Broad Doylestown PA, 18901",S0B2D5E2DEE2A1004,840315300699,Raw Sugar Santal,6.99,1,1,100,0,2026-04-14 16:28:55
2026-04-23T11:39:47Z,doylestown,333 North Broad,333 North Broad Ambient,15519,"333 North Broad Doylestown PA, 18901",S0B27699FEBAC1004,038000765414,Rice Krispies Treats Original,1.97,3,6,50,0,2026-04-23 02:00:54
2026-04-23T11:39:47Z,doylestown,333 North Broad,333 North Broad Ambient,15519,"333 North Broad Doylestown PA, 18901",S0B246944E6CF1007,077975082102,Snyder's Mini Pretzels,2.57,5,5,100,0,2026-04-14 16:28:55
2026-04-23T11:39:47Z,doylestown,333 North Broad,333 North Broad Ambient,15519,"333 North Broad Doylestown PA, 18901",S0B246944E424100B,070462098501,Sour Patch Kids Soft & Chewy Candy,2.19,5,6,83,0,2026-04-22 00:15:49
2026-04-23T11:39:47Z,doylestown,333 North Broad,333 North Broad Ambient,15519,"333 North Broad Doylestown PA, 18901",S0B248CF277231002,071603125001,Trim Nail Clipper,3.99,3,3,100,0,2026-04-14 16:28:55
2026-04-23T11:39:47Z,doylestown,333 North Broad,333 North Broad Ambient,15519,"333 North Broad Doylestown PA, 18901",S0B246944E8251002,300450449153,Tylenol 10 Pack,4.07,4,4,100,0,2026-04-14 16:28:55
2026-04-23T11:39:47Z,doylestown,333 North Broad,333 North Broad Ambient,15519,"333 North Broad Doylestown PA, 18901",S0B2D9181A6F3100A,850047325037,Vegan Protein Shake,11.99,3,3,100,0,2026-04-14 16:28:55
2026-04-23T11:39:47Z,doylestown,333 North Broad,333 North Broad Ambient,15519,"333 North Broad Doylestown PA, 18901",S0B2D5C86DD211005,829515300579,Veggie Straws SS,3.97,8,9,89,0,2026-04-18 02:51:09
2026-04-23T11:39:47Z,doylestown,333 North Broad,333 North Broad Ambient,15519,"333 North Broad Doylestown PA, 18901",S0B2D5C6B3EBA1001,191414014117,Waffle cones,4.97,4,4,100,0,2026-04-14 16:28:55
2026-04-23T11:39:47Z,doylestown,333 North Broad,333 North Broad Cooler,16214,"333 N Broad St, Doylestown, PA 18901",S0B2D0552D8121008,8939200091,Celsius Grape,3.57,0,7,0,0,2026-04-22 16:33:57
2026-04-23T11:39:47Z,doylestown,333 North Broad,333 North Broad Cooler,16214,"333 N Broad St, Doylestown, PA 18901",S0B246944E4EB1007,889392010145,Celsius Kiwi Guava,3.57,1,3,33,0,2026-04-19 03:13:49
2026-04-23T11:39:47Z,doylestown,333 North Broad,333 North Broad Cooler,16214,"333 N Broad St, Doylestown, PA 18901",S0B246944E5841006,889392000313,Celsius Orange,3.57,1,3,33,0,2026-04-20 03:39:08
2026-04-23T11:39:47Z,doylestown,333 North Broad,333 North Broad Cooler,16214,"333 N Broad St, Doylestown, PA 18901",S0B2668475B231007,8939200362,Celsius Watermelon,3.57,6,7,86,0,2026-04-18 09:15:46
2026-04-23T11:39:47Z,doylestown,333 North Broad,333 North Broad Cooler,16214,"333 N Broad St, Doylestown, PA 18901",S0B2D11DA769B1008,818290015167,Chobani 20g,2.27,1,1,100,0,2026-04-14 15:49:54
2026-04-23T11:39:47Z,doylestown,333 North Broad,333 North Broad Cooler,16214,"333 N Broad St, Doylestown, PA 18901",S0B2D11E680501004,818290012395,Chobani cherry berry,2.27,5,5,100,0,2026-04-14 15:49:54
2026-04-23T11:39:47Z,doylestown,333 North Broad,333 North Broad Cooler,16214,"333 N Broad St, Doylestown, PA 18901",S0B2D11E4F77D1002,818290017734,Chobani Protein,4.57,4,6,67,0,2026-04-22 09:43:11
2026-04-23T11:39:47Z,doylestown,333 North Broad,333 North Broad Cooler,16214,"333 N Broad St, Doylestown, PA 18901",S0B2D11E2F0FD1001,818290017710,Chobani Protein Strawberries & Cream,4.57,5,5,100,0,2026-04-14 15:49:54
2026-04-23T11:39:47Z,doylestown,333 North Broad,333 North Broad Cooler,16214,"333 N Broad St, Doylestown, PA 18901",S0B2D11E583291001,818290015150,Chobani vanilla,2.27,5,5,100,0,2026-04-14 15:49:54
2026-04-23T11:39:47Z,doylestown,333 North Broad,333 North Broad Cooler,16214,"333 N Broad St, Doylestown, PA 18901",S0B246944DEAE1000,04963406,Coca-Cola 12oz can,2.57,5,6,83,0,2026-04-15 09:23:54
2026-04-23T11:39:47Z,doylestown,333 North Broad,333 North Broad Cooler,16214,"333 N Broad St, Doylestown, PA 18901",S0B2D527638181007,036632074782,Delight Cinnabon,3.27,3,3,100,0,2026-04-14 15:49:54
2026-04-23T11:39:47Z,doylestown,333 North Broad,333 North Broad Cooler,16214,"333 N Broad St, Doylestown, PA 18901",S0B2D527865D2100C,036632078186,Delight Mocha,3.27,3,3,100,0,2026-04-14 15:49:54
2026-04-23T11:39:47Z,doylestown,333 North Broad,333 North Broad Cooler,16214,"333 N Broad St, Doylestown, PA 18901",S0B246944E3EC1003,04965802,Diet Coke 12oz can,2.57,11,17,65,0,2026-04-22 21:24:44
2026-04-23T11:39:47Z,doylestown,333 North Broad,333 North Broad Cooler,16214,"333 N Broad St, Doylestown, PA 18901",S0B2C85783CD31007,1162002196,Fair Life Core Power 26g Vanilla Protein Shake,5.27,3,3,100,0,2026-04-14 15:49:54
2026-04-23T11:39:47Z,doylestown,333 North Broad,333 North Broad Cooler,16214,"333 N Broad St, Doylestown, PA 18901",S0B2D055ACE44100B,1162002198,Fairlife Core Power - Strawberry (26g Complete Protein),5.27,3,3,100,0,2026-04-14 15:49:54
2026-04-23T11:39:47Z,doylestown,333 North Broad,333 North Broad Cooler,16214,"333 N Broad St, Doylestown, PA 18901",S0B246944DFD21006,811620022002,Fairlife Core Power Chocolate 26g,5.27,5,8,62,0,2026-04-22 21:05:00
2026-04-23T11:39:47Z,doylestown,333 North Broad,333 North Broad Cooler,16214,"333 N Broad St, Doylestown, PA 18901",S0B2D5C69069E1009,009800120086,Ferrero Chocolate,7.57,4,6,67,0,2026-04-17 18:18:36
2026-04-23T11:39:47Z,doylestown,333 North Broad,333 North Broad Cooler,16214,"333 N Broad St, Doylestown, PA 18901",S0B246944E40F1008,052000328660,Gatorade Fruit Punch,3.0,5,8,62,0,2026-04-22 02:12:05
2026-04-23T11:39:47Z,doylestown,333 North Broad,333 North Broad Cooler,16214,"333 N Broad St, Doylestown, PA 18901",S0B2BDAE8D5FB1006,520010247,Gatorade Glacier Cherry,3.0,5,6,83,0,2026-04-18 02:49:47
2026-04-23T11:39:47Z,doylestown,333 North Broad,333 North Broad Cooler,16214,"333 N Broad St, Doylestown, PA 18901",S0B246944E4141002,052000328684,Gatorade Lemon Lime,3.0,6,7,86,0,2026-04-20 15:40:45
2026-04-23T11:39:47Z,doylestown,333 North Broad,333 North Broad Cooler,16214,"333 N Broad St, Doylestown, PA 18901",S0B246944E4051007,052000324815,Gatorade_Cool_Blue,3.0,9,12,75,0,2026-04-17 18:18:36
2026-04-23T11:39:47Z,doylestown,333 North Broad,333 North Broad Cooler,16214,"333 N Broad St, Doylestown, PA 18901",S0B2D11356C5A1005,851861006119,Health -Ade,5.97,2,2,100,0,2026-04-14 15:49:54
2026-04-23T11:39:47Z,doylestown,333 North Broad,333 North Broad Cooler,16214,"333 N Broad St, Doylestown, PA 18901",S0B2D4851D7141003,195372325155,Just Ice Tea Peach Oolong 16oz,3.97,6,8,75,0,2026-04-17 14:04:23
2026-04-23T11:39:47Z,doylestown,333 North Broad,333 North Broad Cooler,16214,"333 N Broad St, Doylestown, PA 18901",S0B2D11D53BB51008,851861006126,Kombucha,5.97,3,3,100,0,2026-04-14 15:49:54
2026-04-23T11:39:47Z,doylestown,333 North Broad,333 North Broad Cooler,16214,"333 N Broad St, Doylestown, PA 18901",S0B25FC5AF4F7100C,0491300019,La Colombe Draft Latte Vanilla,4.27,0,0,,0,2026-04-14 15:49:54
2026-04-23T11:39:47Z,doylestown,333 North Broad,333 North Broad Cooler,16214,"333 N Broad St, Doylestown, PA 18901",S0B2D5C66B220100B,009542454456,Lindor Truffles,7.0,3,3,100,0,2026-04-14 15:49:54
2026-04-23T11:39:47Z,doylestown,333 North Broad,333 North Broad Cooler,16214,"333 N Broad St, Doylestown, PA 18901",S0B246944E19E1000,006ckhkp04,"M&M'S, Peanut Milk Chocolate Candy",2.57,4,13,31,0,2026-04-21 22:51:10
2026-04-23T11:39:47Z,doylestown,333 North Broad,333 North Broad Cooler,16214,"333 N Broad St, Doylestown, PA 18901",S0B2BC10A038C1008,040000522065,Milky Way,2.57,3,3,100,0,2026-04-14 15:49:54
2026-04-23T11:39:47Z,doylestown,333 North Broad,333 North Broad Cooler,16214,"333 N Broad St, Doylestown, PA 18901",S0B246944DEF51002,070847811169,Monster Energy,4.27,0,3,0,0,2026-04-22 08:51:18
2026-04-23T11:39:47Z,doylestown,333 North Broad,333 North Broad Cooler,16214,"333 N Broad St, Doylestown, PA 18901",S0B246944DEFB1003,070847012474,Monster Energy Zerosugar,4.27,4,9,44,0,2026-04-21 08:37:10
2026-04-23T11:39:47Z,doylestown,333 North Broad,333 North Broad Cooler,16214,"333 N Broad St, Doylestown, PA 18901",S0B2C377070EC1001,082592194152,Naked Strawberry Banana 15.2oz,5.0,9,9,100,0,2026-04-14 15:49:54
2026-04-23T11:39:47Z,doylestown,333 North Broad,333 North Broad Cooler,16214,"333 N Broad St, Doylestown, PA 18901",S0B27699FEC921007,047495400700,Natures Bakery - Double Chocolate Brownie,2.27,13,13,100,0,2026-04-14 15:49:54
2026-04-23T11:39:47Z,doylestown,333 North Broad,333 North Broad Cooler,16214,"333 N Broad St, Doylestown, PA 18901",S0B2D113959A71003,8056042042852,Oikos Peach Protein,4.27,13,16,81,0,2026-04-22 01:02:59
2026-04-23T11:39:47Z,doylestown,333 North Broad,333 North Broad Cooler,16214,"333 N Broad St, Doylestown, PA 18901",S0B2D113B5A891001,036632042842,Oíkos Pro,4.27,0,0,,0,2026-04-14 15:49:54
2026-04-23T11:39:47Z,doylestown,333 North Broad,333 North Broad Cooler,16214,"333 N Broad St, Doylestown, PA 18901",S0B2D05DCDEEB1007,850019179743,Recess ras-lime,4.27,7,8,88,0,2026-04-15 10:55:29
2026-04-23T11:39:47Z,doylestown,333 North Broad,333 North Broad Cooler,16214,"333 N Broad St, Doylestown, PA 18901",S0B2C858213931004,F0B2C858213931002,Recess strawberry rose,4.27,4,4,100,0,2026-04-14 15:49:54
2026-04-23T11:39:47Z,doylestown,333 North Broad,333 North Broad Cooler,16214,"333 N Broad St, Doylestown, PA 18901",S0B2CC2D2640F1005,041508992688,S. Pellegrino Blood Orange 11.15oz,3.77,0,0,,0,2026-04-14 15:49:54
2026-04-23T11:39:47Z,doylestown,333 North Broad,333 North Broad Cooler,16214,"333 N Broad St, Doylestown, PA 18901",S0B2D3E6D7FBD1003,041508265089,S. Pellegrino Lemonade 11.15oz,3.77,2,3,67,0,2026-04-18 17:01:48
2026-04-23T11:39:47Z,doylestown,333 North Broad,333 North Broad Cooler,16214,"333 N Broad St, Doylestown, PA 18901",S0B2D3E6DA5E01005,041508235785,San Pellegrino Aranciata,3.77,1,1,100,0,2026-04-14 15:49:54
2026-04-23T11:39:47Z,doylestown,333 North Broad,333 North Broad Cooler,16214,"333 N Broad St, Doylestown, PA 18901",S0B2D90DB76B5100C,041508302074,San Pellegrino Essenza,3.77,12,12,100,0,2026-04-14 15:49:54
2026-04-23T11:39:47Z,doylestown,333 North Broad,333 North Broad Cooler,16214,"333 N Broad St, Doylestown, PA 18901",S0B29D2F2643D100B,0041508659376,San Pelligrino Pomegranate and Orange,3.77,1,1,100,0,2026-04-14 15:49:54
2026-04-23T11:39:47Z,doylestown,333 North Broad,333 North Broad Cooler,16214,"333 N Broad St, Doylestown, PA 18901",S0B2D4822727E1001,046100354032,Sargento Balanced Brakes – Ritz Crackers,2.07,6,6,100,0,2026-04-14 15:49:54
2026-04-23T11:39:47Z,doylestown,333 North Broad,333 North Broad Cooler,16214,"333 N Broad St, Doylestown, PA 18901",S0B2D4835B16E100B,046100019054,Sargento Balanced Breaks,2.07,4,6,67,0,2026-04-18 02:49:47
2026-04-23T11:39:47Z,doylestown,333 North Broad,333 North Broad Cooler,16214,"333 N Broad St, Doylestown, PA 18901",S0B2D4833F7471002,046100355480,Sargento Balanced Breaks White Cheddar Almonds and cranberries,2.07,6,6,100,0,2026-04-14 15:49:54
2026-04-23T11:39:47Z,doylestown,333 North Broad,333 North Broad Cooler,16214,"333 N Broad St, Doylestown, PA 18901",S0B2D4831AA261009,0046100353530,Sargento Cheese & Crackers,2.07,5,6,83,0,2026-04-17 11:39:45
2026-04-23T11:39:47Z,doylestown,333 North Broad,333 North Broad Cooler,16214,"333 N Broad St, Doylestown, PA 18901",S0B27699FEBCD1003,040000424314,Snickers Candy Bar,2.57,13,21,62,0,2026-04-22 00:11:30
2026-04-23T11:39:47Z,doylestown,333 North Broad,333 North Broad Cooler,16214,"333 N Broad St, Doylestown, PA 18901",S0B2D5DE0BABD100A,810119680266,Trip Elderflower Mint,5.27,3,4,75,0,2026-04-17 23:28:38
2026-04-23T11:39:47Z,doylestown,333 North Broad,333 North Broad Cooler,16214,"333 N Broad St, Doylestown, PA 18901",S0B266D76782F1002,1011968027,Trip Peach Ginger,5.27,6,6,100,0,2026-04-14 15:49:54
2026-04-23T11:39:47Z,doylestown,333 North Broad,333 North Broad Cooler,16214,"333 N Broad St, Doylestown, PA 18901",S0B246944E3C71001,04043506,Twix Candy Bar,2.57,7,11,64,0,2026-04-21 19:15:57
2026-04-23T11:39:47Z,doylestown,333 North Broad,333 North Broad Cooler,16214,"333 N Broad St, Doylestown, PA 18901",S0B2C6B2751C8100B,051000196217,V8 Energy Pomegranate Blueberry,2.97,0,0,,0,2026-04-14 15:49:54
2026-04-23T11:39:47Z,philly,Philadelphia,PhillyTrueCooler,15521,"4200 Ludlow St, Philadelphia PA, 10104",S0B2D113EDC9E1004,013971003413,Bare Coconut Chips,2.27,4,4,100,0,2026-04-22 10:13:17
2026-04-23T11:39:47Z,philly,Philadelphia,PhillyTrueCooler,15521,"4200 Ludlow St, Philadelphia PA, 10104",S0B25FC5136E7100C,8801073211506,Buldak Spicy Ramen,5.57,1,1,100,0,2026-04-22 10:13:17
2026-04-23T11:39:47Z,philly,Philadelphia,PhillyTrueCooler,15521,"4200 Ludlow St, Philadelphia PA, 10104",S0B26D8C6EAF31008,666,Camera Violation,25.0,1,1,100,0,2026-04-22 10:13:17
2026-04-23T11:39:47Z,philly,Philadelphia,PhillyTrueCooler,15521,"4200 Ludlow St, Philadelphia PA, 10104",S0B2A44D16D23100C,88939200170,Celsius Cherry Cola,3.57,1,1,100,0,2026-04-22 10:13:17
2026-04-23T11:39:47Z,philly,Philadelphia,PhillyTrueCooler,15521,"4200 Ludlow St, Philadelphia PA, 10104",S0B2D0552D8121008,8939200091,Celsius Grape,3.57,9,9,100,0,2026-04-22 10:13:17
2026-04-23T11:39:47Z,philly,Philadelphia,PhillyTrueCooler,15521,"4200 Ludlow St, Philadelphia PA, 10104",S0B2668475B231007,8939200362,Celsius Watermelon,3.57,2,2,100,0,2026-04-22 10:13:17
2026-04-23T11:39:47Z,philly,Philadelphia,PhillyTrueCooler,15521,"4200 Ludlow St, Philadelphia PA, 10104",S0B2DAF9429041007,044000085964,Chips Ahoy minis,5.0,8,8,100,0,2026-04-22 10:13:17
2026-04-23T11:39:47Z,philly,Philadelphia,PhillyTrueCooler,15521,"4200 Ludlow St, Philadelphia PA, 10104",S0B2D11DA769B1008,818290015167,Chobani 20g,2.27,2,2,100,0,2026-04-22 10:13:17
2026-04-23T11:39:47Z,philly,Philadelphia,PhillyTrueCooler,15521,"4200 Ludlow St, Philadelphia PA, 10104",S0B2D497020C51001,818290015600,Chobani Cherry Berry drink,3.97,5,5,100,0,2026-04-22 10:13:17
2026-04-23T11:39:47Z,philly,Philadelphia,PhillyTrueCooler,15521,"4200 Ludlow St, Philadelphia PA, 10104",S0B2D11E4F77D1002,818290017734,Chobani Protein,4.57,5,5,100,0,2026-04-22 10:13:17
2026-04-23T11:39:47Z,philly,Philadelphia,PhillyTrueCooler,15521,"4200 Ludlow St, Philadelphia PA, 10104",S0B2D11E583291001,818290015150,Chobani vanilla,2.27,2,2,100,0,2026-04-22 10:13:17
2026-04-23T11:39:47Z,philly,Philadelphia,PhillyTrueCooler,15521,"4200 Ludlow St, Philadelphia PA, 10104",S0B246944E2701006,049000053418,Coca-Cola Original Taste,2.57,12,12,100,0,2026-04-22 10:13:17
2026-04-23T11:39:47Z,philly,Philadelphia,PhillyTrueCooler,15521,"4200 Ludlow St, Philadelphia PA, 10104",S0B2BAC924065100B,7066203003,Cup noodles chicken,2.0,5,5,100,0,2026-04-22 10:13:17
2026-04-23T11:39:47Z,philly,Philadelphia,PhillyTrueCooler,15521,"4200 Ludlow St, Philadelphia PA, 10104",S0B246944E9A41003,082657500638,Deer park water,1.87,7,7,100,0,2026-04-22 10:13:17
2026-04-23T11:39:47Z,philly,Philadelphia,PhillyTrueCooler,15521,"4200 Ludlow St, Philadelphia PA, 10104",S0B2D527638181007,036632074782,Delight Cinnabon,3.5,8,8,100,0,2026-04-22 10:13:17
2026-04-23T11:39:47Z,philly,Philadelphia,PhillyTrueCooler,15521,"4200 Ludlow St, Philadelphia PA, 10104",S0B246944E3EC1003,04965802,Diet Coke 12oz can,2.57,12,12,100,0,2026-04-22 10:13:17
2026-04-23T11:39:47Z,philly,Philadelphia,PhillyTrueCooler,15521,"4200 Ludlow St, Philadelphia PA, 10104",S0B2C85783CD31007,1162002196,Fair Life Core Power 26g Vanilla Protein Shake,4.97,1,1,100,0,2026-04-22 10:13:17
2026-04-23T11:39:47Z,philly,Philadelphia,PhillyTrueCooler,15521,"4200 Ludlow St, Philadelphia PA, 10104",S0B2D055ACE44100B,1162002198,Fairlife Core Power - Strawberry (26g Complete Protein),4.97,5,5,100,0,2026-04-22 10:13:17
2026-04-23T11:39:47Z,philly,Philadelphia,PhillyTrueCooler,15521,"4200 Ludlow St, Philadelphia PA, 10104",S0B246944DFD21006,811620022002,Fairlife Core Power Chocolate 26g,4.97,8,8,100,0,2026-04-22 10:13:17
2026-04-23T11:39:47Z,philly,Philadelphia,PhillyTrueCooler,15521,"4200 Ludlow St, Philadelphia PA, 10104",S0B246944E40F1008,052000328660,Gatorade Fruit Punch,3.07,3,3,100,0,2026-04-22 10:13:17
2026-04-23T11:39:47Z,philly,Philadelphia,PhillyTrueCooler,15521,"4200 Ludlow St, Philadelphia PA, 10104",S0B2BDAE8D5FB1006,520010247,Gatorade Glacier Cherry,3.0,3,3,100,0,2026-04-22 10:13:17
2026-04-23T11:39:47Z,philly,Philadelphia,PhillyTrueCooler,15521,"4200 Ludlow St, Philadelphia PA, 10104",S0B246944E4141002,052000328684,Gatorade Lemon Lime,3.0,3,3,100,0,2026-04-22 10:13:17
2026-04-23T11:39:47Z,philly,Philadelphia,PhillyTrueCooler,15521,"4200 Ludlow St, Philadelphia PA, 10104",S0B246944E4051007,052000324815,Gatorade_Cool_Blue,3.07,6,6,100,0,2026-04-22 10:13:17
2026-04-23T11:39:47Z,philly,Philadelphia,PhillyTrueCooler,15521,"4200 Ludlow St, Philadelphia PA, 10104",S0B2D90DF10651003,071879700049,Jennie’s Coconut bites,19.99,1,1,100,0,2026-04-22 10:13:17
2026-04-23T11:39:47Z,philly,Philadelphia,PhillyTrueCooler,15521,"4200 Ludlow St, Philadelphia PA, 10104",S0B2D4851D7141003,195372325155,Just Ice Tea Peach Oolong 16oz,4.07,3,3,100,0,2026-04-22 10:13:17
2026-04-23T11:39:47Z,philly,Philadelphia,PhillyTrueCooler,15521,"4200 Ludlow St, Philadelphia PA, 10104",S0B25FC5C5C991003,0491300092,La Colombe Draft Latte Caramel,4.27,2,2,100,0,2026-04-22 10:13:17
2026-04-23T11:39:47Z,philly,Philadelphia,PhillyTrueCooler,15521,"4200 Ludlow St, Philadelphia PA, 10104",S0B2D484E0EFD1001,014100043706,Milano,2.57,20,20,100,0,2026-04-22 10:13:17
2026-04-23T11:39:47Z,philly,Philadelphia,PhillyTrueCooler,15521,"4200 Ludlow St, Philadelphia PA, 10104",S0B246944DEF51002,070847811169,Monster Energy,4.27,2,2,100,0,2026-04-22 10:13:17
2026-04-23T11:39:47Z,philly,Philadelphia,PhillyTrueCooler,15521,"4200 Ludlow St, Philadelphia PA, 10104",S0B246944DEFB1003,070847012474,Monster Energy Zerosugar,4.27,11,11,100,0,2026-04-22 10:13:17
2026-04-23T11:39:47Z,philly,Philadelphia,PhillyTrueCooler,15521,"4200 Ludlow St, Philadelphia PA, 10104",S0B2DB93670101002,016000194069,Mott’s berry snacks,4.0,13,13,100,0,2026-04-22 10:13:17
2026-04-23T11:39:47Z,philly,Philadelphia,PhillyTrueCooler,15521,"4200 Ludlow St, Philadelphia PA, 10104",S0B2C377094211003,082592727152,Naked Blue Machine 15.2oz Bottle,4.57,2,2,100,0,2026-04-22 10:13:17
2026-04-23T11:39:47Z,philly,Philadelphia,PhillyTrueCooler,15521,"4200 Ludlow St, Philadelphia PA, 10104",S0B2C3772FF3A1009,082592660152,Naked Juice Mighty Mango 15.2oz Bottle,4.57,3,3,100,0,2026-04-22 10:13:17
2026-04-23T11:39:47Z,philly,Philadelphia,PhillyTrueCooler,15521,"4200 Ludlow St, Philadelphia PA, 10104",S0B2C377070EC1001,082592194152,Naked Strawberry Banana 15.2oz,4.99,5,5,100,0,2026-04-22 10:13:17
2026-04-23T11:39:47Z,philly,Philadelphia,PhillyTrueCooler,15521,"4200 Ludlow St, Philadelphia PA, 10104",S0B2D113959A71003,8056042042852,Oikos Peach Protein,4.57,8,8,100,0,2026-04-22 10:13:17
2026-04-23T11:39:47Z,philly,Philadelphia,PhillyTrueCooler,15521,"4200 Ludlow St, Philadelphia PA, 10104",S0B2DAF9204FD1006,854622006007,Olina’s Wafer Crackers,3.5,6,6,100,0,2026-04-22 10:13:17
2026-04-23T11:39:47Z,philly,Philadelphia,PhillyTrueCooler,15521,"4200 Ludlow St, Philadelphia PA, 10104",S0B2DB932853E100A,044000082048,Oreo Fresh stacks,4.25,11,11,100,0,2026-04-22 10:13:17
2026-04-23T11:39:47Z,philly,Philadelphia,PhillyTrueCooler,15521,"4200 Ludlow St, Philadelphia PA, 10104",S0B2D90E22889100A,850004867082,Organic Maca/Mush powder,17.99,3,3,100,0,2026-04-22 10:13:17
2026-04-23T11:39:47Z,philly,Philadelphia,PhillyTrueCooler,15521,"4200 Ludlow St, Philadelphia PA, 10104",S0B246944E5891006,01201303,Pepsi 12oz,2.57,2,2,100,0,2026-04-22 10:13:17
2026-04-23T11:39:47Z,philly,Philadelphia,PhillyTrueCooler,15521,"4200 Ludlow St, Philadelphia PA, 10104",S0B246944E58F1000,01280504,Pepsi Diet 12oz Can,2.57,3,3,100,0,2026-04-22 10:13:17
2026-04-23T11:39:47Z,philly,Philadelphia,PhillyTrueCooler,15521,"4200 Ludlow St, Philadelphia PA, 10104",S0B2DB92A82FD1009,192699001052,Rangel mush pasta,4.5,4,4,100,0,2026-04-22 10:13:17
2026-04-23T11:39:47Z,philly,Philadelphia,PhillyTrueCooler,15521,"4200 Ludlow St, Philadelphia PA, 10104",S0B246944DE9D1007,611269991000,Red Bull,3.37,2,2,100,0,2026-04-22 10:13:17
2026-04-23T11:39:47Z,philly,Philadelphia,PhillyTrueCooler,15521,"4200 Ludlow St, Philadelphia PA, 10104",S0B2D90DB76B5100C,041508302074,San Pellegrino Essenza,3.77,3,3,100,0,2026-04-22 10:13:17
2026-04-23T11:39:47Z,philly,Philadelphia,PhillyTrueCooler,15521,"4200 Ludlow St, Philadelphia PA, 10104",S0B2D4822727E1001,046100354032,Sargento Balanced Brakes – Ritz Crackers,1.97,3,3,100,0,2026-04-22 10:13:17
2026-04-23T11:39:47Z,philly,Philadelphia,PhillyTrueCooler,15521,"4200 Ludlow St, Philadelphia PA, 10104",S0B2D4832F5941002,046100203187,Sargento Balanced Breaks,1.97,6,6,100,0,2026-04-22 10:13:17
2026-04-23T11:39:47Z,philly,Philadelphia,PhillyTrueCooler,15521,"4200 Ludlow St, Philadelphia PA, 10104",S0B2D4835B16E100B,046100019054,Sargento Balanced Breaks,1.97,5,5,100,0,2026-04-22 10:13:17
2026-04-23T11:39:47Z,philly,Philadelphia,PhillyTrueCooler,15521,"4200 Ludlow St, Philadelphia PA, 10104",S0B2D4831AA261009,0046100353530,Sargento Cheese & Crackers,1.97,5,5,100,0,2026-04-22 10:13:17
2026-04-23T11:39:47Z,philly,Philadelphia,PhillyTrueCooler,15521,"4200 Ludlow St, Philadelphia PA, 10104",S0B2D90DD9337100C,016000215214,Simply Chex,5.0,4,4,100,0,2026-04-22 10:13:17
2026-04-23T11:39:47Z,philly,Philadelphia,PhillyTrueCooler,15521,"4200 Ludlow St, Philadelphia PA, 10104",S0B2DAF8F87C31004,850032072090,St James Green Tea,4.0,8,8,100,0,2026-04-22 10:13:17
2026-04-23T11:39:47Z,philly,Philadelphia,PhillyTrueCooler,15521,"4200 Ludlow St, Philadelphia PA, 10104",S0B2BDAFAD0A2100A,12000813313,Starbucks Frappuccino Vanilla,4.27,4,4,100,0,2026-04-22 10:13:17
2026-04-23T11:39:47Z,philly,Philadelphia,PhillyTrueCooler,15521,"4200 Ludlow St, Philadelphia PA, 10104",S0B2DB92EA84A1003,898999012247,Vita Coconut Extra Coconut,4.5,11,11,100,0,2026-04-22 10:13:17
2026-04-23T11:39:47Z,philly,Philadelphia,PhillyTrueCooler,15521,"4200 Ludlow St, Philadelphia PA, 10104",S0B2D48452F7E1005,89899900002,Vita coconut water,4.5,2,2,100,0,2026-04-22 10:13:17
2026-04-23T11:39:47Z,haven,The Haven,TheHaven#2-cooler,16213,"1000 Terrain St, Malvern, PA 19355",S0B246944E6801005,040000422082,3 Musketeers,2.57,4,9,44,0,2026-04-22 18:14:09
2026-04-23T11:39:47Z,haven,The Haven,TheHaven#2-cooler,16213,"1000 Terrain St, Malvern, PA 19355",S0B2C6B35D1081002,F0B2C6B35D1081000,Apple Jacks Cereal,1.99,1,5,20,0,2026-04-23 06:36:58
2026-04-23T11:39:47Z,haven,The Haven,TheHaven#2-cooler,16213,"1000 Terrain St, Malvern, PA 19355",S0B2740EB95E01006,850076106010,Beef Liver Dog Treats,20.07,3,4,75,0,2026-04-20 12:35:50
2026-04-23T11:39:47Z,haven,The Haven,TheHaven#2-cooler,16213,"1000 Terrain St, Malvern, PA 19355",S0B26D8C6EAF31008,666,Camera Violation,25.0,2,2,100,0,2026-04-20 12:35:50
2026-04-23T11:39:47Z,haven,The Haven,TheHaven#2-cooler,16213,"1000 Terrain St, Malvern, PA 19355",S0B2D0552D8121008,8939200091,Celsius Grape,3.57,4,8,50,0,2026-04-22 10:42:04
2026-04-23T11:39:47Z,haven,The Haven,TheHaven#2-cooler,16213,"1000 Terrain St, Malvern, PA 19355",S0B261B990D101007,8939200031,Celsius Sparkling Orange,3.57,4,8,50,0,2026-04-23 06:36:58
2026-04-23T11:39:47Z,haven,The Haven,TheHaven#2-cooler,16213,"1000 Terrain St, Malvern, PA 19355",S0B2DAF9429041007,044000085964,Chips Ahoy minis,5.0,4,6,67,0,2026-04-22 18:15:58
2026-04-23T11:39:47Z,haven,The Haven,TheHaven#2-cooler,16213,"1000 Terrain St, Malvern, PA 19355",S0B2D11E680501004,818290012395,Chobani cherry berry,2.27,4,4,100,0,2026-04-20 12:35:50
2026-04-23T11:39:47Z,haven,The Haven,TheHaven#2-cooler,16213,"1000 Terrain St, Malvern, PA 19355",S0B2D11E4F77D1002,818290017734,Chobani Protein,4.57,5,5,100,0,2026-04-20 12:35:50
2026-04-23T11:39:47Z,haven,The Haven,TheHaven#2-cooler,16213,"1000 Terrain St, Malvern, PA 19355",S0B2D11E2F0FD1001,818290017710,Chobani Protein Strawberries & Cream,4.5,4,5,80,0,2026-04-20 12:37:31
2026-04-23T11:39:47Z,haven,The Haven,TheHaven#2-cooler,16213,"1000 Terrain St, Malvern, PA 19355",S0B2D485C6BCC100B,818290015617,Chobani tropical punch,3.99,4,4,100,0,2026-04-20 12:35:50
2026-04-23T11:39:47Z,haven,The Haven,TheHaven#2-cooler,16213,"1000 Terrain St, Malvern, PA 19355",S0B2D11E583291001,818290015150,Chobani vanilla,2.27,6,6,100,0,2026-04-20 12:35:50
2026-04-23T11:39:47Z,haven,The Haven,TheHaven#2-cooler,16213,"1000 Terrain St, Malvern, PA 19355",S0B246944DEAE1000,04963406,Coca-Cola 12oz can,2.57,5,5,100,0,2026-04-20 12:35:50
2026-04-23T11:39:47Z,haven,The Haven,TheHaven#2-cooler,16213,"1000 Terrain St, Malvern, PA 19355",S0B2C6BB0DE621006,F0B2C6BB0DE621004,Cocoa Krisp cereal,1.99,4,4,100,0,2026-04-20 12:35:50
2026-04-23T11:39:47Z,haven,The Haven,TheHaven#2-cooler,16213,"1000 Terrain St, Malvern, PA 19355",S0B2C6B34663C1009,F0B2C6B34663C1007,Corn Pops Cereal,1.99,4,4,100,0,2026-04-20 12:35:50
2026-04-23T11:39:47Z,haven,The Haven,TheHaven#2-cooler,16213,"1000 Terrain St, Malvern, PA 19355",S0B246944E9A41003,082657500638,Deer park water,1.87,0,4,0,0,2026-04-20 12:35:50
2026-04-23T11:39:47Z,haven,The Haven,TheHaven#2-cooler,16213,"1000 Terrain St, Malvern, PA 19355",S0B2D527638181007,036632074782,Delight Cinnabon,3.27,4,3,133,0,2026-04-20 12:35:50
2026-04-23T11:39:47Z,haven,The Haven,TheHaven#2-cooler,16213,"1000 Terrain St, Malvern, PA 19355",S0B2D527865D2100C,036632078186,Delight Mocha,3.27,6,6,100,0,2026-04-20 12:35:50
2026-04-23T11:39:47Z,haven,The Haven,TheHaven#2-cooler,16213,"1000 Terrain St, Malvern, PA 19355",S0B246944E3EC1003,04965802,Diet Coke 12oz can,2.57,5,8,62,0,2026-04-22 18:14:09
2026-04-23T11:39:47Z,haven,The Haven,TheHaven#2-cooler,16213,"1000 Terrain St, Malvern, PA 19355",S0B2C85783CD31007,1162002196,Fair Life Core Power 26g Vanilla Protein Shake,5.17,2,4,50,0,2026-04-20 12:35:50
2026-04-23T11:39:47Z,haven,The Haven,TheHaven#2-cooler,16213,"1000 Terrain St, Malvern, PA 19355",S0B25FC55972D1006,1162002211,Fairlife Chocolate Protein 30g,4.97,6,7,86,0,2026-04-22 11:21:49
2026-04-23T11:39:47Z,haven,The Haven,TheHaven#2-cooler,16213,"1000 Terrain St, Malvern, PA 19355",S0B246944DFD21006,811620022002,Fairlife Core Power Chocolate 26g,5.17,4,6,67,0,2026-04-20 12:35:50
2026-04-23T11:39:47Z,haven,The Haven,TheHaven#2-cooler,16213,"1000 Terrain St, Malvern, PA 19355",S0B2D48427F221004,044000037444,Fig Newtowns,2.27,8,8,100,0,2026-04-20 12:35:50
2026-04-23T11:39:47Z,haven,The Haven,TheHaven#2-cooler,16213,"1000 Terrain St, Malvern, PA 19355",S0B246944DF011004,632565000012,Fiji 500ML,2.77,4,4,100,0,2026-04-20 12:35:50
2026-04-23T11:39:47Z,haven,The Haven,TheHaven#2-cooler,16213,"1000 Terrain St, Malvern, PA 19355",S0B2C6BBCDF7C1006,F0B2C6BBCDF7C1004,Frosted Flakes cereal,1.99,4,5,80,0,2026-04-20 12:35:50
2026-04-23T11:39:47Z,haven,The Haven,TheHaven#2-cooler,16213,"1000 Terrain St, Malvern, PA 19355",S0B2C6BC04A97100D,F0B2C6BC04A97100B,Fruit Loops Cereal,1.99,3,5,60,0,2026-04-20 12:35:50
2026-04-23T11:39:47Z,haven,The Haven,TheHaven#2-cooler,16213,"1000 Terrain St, Malvern, PA 19355",S0B246944E40F1008,052000328660,Gatorade Fruit Punch,3.0,9,11,82,0,2026-04-20 12:35:50
2026-04-23T11:39:47Z,haven,The Haven,TheHaven#2-cooler,16213,"1000 Terrain St, Malvern, PA 19355",S0B2BDAE8D5FB1006,520010247,Gatorade Glacier Cherry,3.0,1,4,25,0,2026-04-20 19:41:52
2026-04-23T11:39:47Z,haven,The Haven,TheHaven#2-cooler,16213,"1000 Terrain St, Malvern, PA 19355",S0B246944E4141002,052000328684,Gatorade Lemon Lime,3.0,6,9,67,0,2026-04-20 12:35:50
2026-04-23T11:39:47Z,haven,The Haven,TheHaven#2-cooler,16213,"1000 Terrain St, Malvern, PA 19355",S0B246944E4051007,052000324815,Gatorade_Cool_Blue,3.0,6,6,100,0,2026-04-20 12:35:50
2026-04-23T11:39:47Z,haven,The Haven,TheHaven#2-cooler,16213,"1000 Terrain St, Malvern, PA 19355",S0B2D4851D7141003,195372325155,Just Ice Tea Peach Oolong 16oz,4.07,1,5,20,0,2026-04-20 12:35:50
2026-04-23T11:39:47Z,haven,The Haven,TheHaven#2-cooler,16213,"1000 Terrain St, Malvern, PA 19355",S0B2D11D53BB51008,851861006126,Kombucha,6.99,2,2,100,0,2026-04-20 12:35:50
2026-04-23T11:39:47Z,haven,The Haven,TheHaven#2-cooler,16213,"1000 Terrain St, Malvern, PA 19355",S0B25FC5C5C991003,0491300092,La Colombe Draft Latte Caramel,4.27,2,3,67,0,2026-04-20 12:35:50
2026-04-23T11:39:47Z,haven,The Haven,TheHaven#2-cooler,16213,"1000 Terrain St, Malvern, PA 19355",S0B25FC5DA5DD1003,0491300013,La Colombe Draft Latte Mocha,4.27,2,2,100,0,2026-04-20 12:35:50
2026-04-23T11:39:47Z,haven,The Haven,TheHaven#2-cooler,16213,"1000 Terrain St, Malvern, PA 19355",S0B2D918381EA1006,850004867198,Lion’s Mane Mush powder,18.99,2,2,100,0,2026-04-20 12:35:50
2026-04-23T11:39:47Z,haven,The Haven,TheHaven#2-cooler,16213,"1000 Terrain St, Malvern, PA 19355",S0B246944E19E1000,006ckhkp04,"M&M'S, Peanut Milk Chocolate Candy",2.57,0,5,0,0,2026-04-20 12:35:50
2026-04-23T11:39:47Z,haven,The Haven,TheHaven#2-cooler,16213,"1000 Terrain St, Malvern, PA 19355",S0B2D484E0EFD1001,014100043706,Milano,2.57,7,9,78,0,2026-04-22 18:15:58
2026-04-23T11:39:47Z,haven,The Haven,TheHaven#2-cooler,16213,"1000 Terrain St, Malvern, PA 19355",S0B2BC10A038C1008,040000522065,Milky Way,2.57,6,8,75,0,2026-04-22 18:14:09
2026-04-23T11:39:47Z,haven,The Haven,TheHaven#2-cooler,16213,"1000 Terrain St, Malvern, PA 19355",S0B246944DEFB1003,070847012474,Monster Energy Zerosugar,4.27,7,7,100,0,2026-04-20 12:35:50
2026-04-23T11:39:47Z,haven,The Haven,TheHaven#2-cooler,16213,"1000 Terrain St, Malvern, PA 19355",S0B2DAF9204FD1006,854622006007,Olina’s Wafer Crackers,3.5,6,6,100,0,2026-04-20 12:35:50
2026-04-23T11:39:47Z,haven,The Haven,TheHaven#2-cooler,16213,"1000 Terrain St, Malvern, PA 19355",S0B246944E3D51001,044000047009,Oreo Cookies-Sleeve Pack,2.57,2,3,67,0,2026-04-20 12:35:50
2026-04-23T11:39:47Z,haven,The Haven,TheHaven#2-cooler,16213,"1000 Terrain St, Malvern, PA 19355",S0B2D11EAC47A1006,F0B2D11EAC47A1004,Panera Broccoli,9.99,1,2,50,0,2026-04-20 12:35:50
2026-04-23T11:39:47Z,haven,The Haven,TheHaven#2-cooler,16213,"1000 Terrain St, Malvern, PA 19355",S0B2BAC9D24491002,F0B2BAC9D24491000,Pop Secret popcorn,1.97,3,4,75,0,2026-04-20 15:33:58
2026-04-23T11:39:47Z,haven,The Haven,TheHaven#2-cooler,16213,"1000 Terrain St, Malvern, PA 19355",S0B246944E34E1008,038000524042,Rice Krispies Treats Crispy-Original,2.07,3,4,75,0,2026-04-20 12:35:50
2026-04-23T11:39:47Z,haven,The Haven,TheHaven#2-cooler,16213,"1000 Terrain St, Malvern, PA 19355",S0B2CC2D2640F1005,041508992688,S. Pellegrino Blood Orange 11.15oz,3.77,6,6,100,0,2026-04-20 12:35:50
2026-04-23T11:39:47Z,haven,The Haven,TheHaven#2-cooler,16213,"1000 Terrain St, Malvern, PA 19355",S0B2D4822727E1001,046100354032,Sargento Balanced Brakes – Ritz Crackers,2.0,4,5,80,0,2026-04-20 12:35:50
2026-04-23T11:39:47Z,haven,The Haven,TheHaven#2-cooler,16213,"1000 Terrain St, Malvern, PA 19355",S0B2D4832F5941002,046100203187,Sargento Balanced Breaks,2.0,3,3,100,0,2026-04-20 12:35:50
2026-04-23T11:39:47Z,haven,The Haven,TheHaven#2-cooler,16213,"1000 Terrain St, Malvern, PA 19355",S0B2D4835B16E100B,046100019054,Sargento Balanced Breaks,2.0,4,4,100,0,2026-04-20 12:35:50
2026-04-23T11:39:47Z,haven,The Haven,TheHaven#2-cooler,16213,"1000 Terrain St, Malvern, PA 19355",S0B2D4831AA261009,0046100353530,Sargento Cheese & Crackers,2.0,4,5,80,0,2026-04-20 12:35:50
2026-04-23T11:39:47Z,haven,The Haven,TheHaven#2-cooler,16213,"1000 Terrain St, Malvern, PA 19355",S0B2D90DD9337100C,016000215214,Simply Chex,4.99,2,3,67,0,2026-04-20 12:35:50
2026-04-23T11:39:47Z,haven,The Haven,TheHaven#2-cooler,16213,"1000 Terrain St, Malvern, PA 19355",S0B27699FEBCD1003,040000424314,Snickers Candy Bar,2.57,5,9,56,0,2026-04-22 09:04:03
2026-04-23T11:39:47Z,haven,The Haven,TheHaven#2-cooler,16213,"1000 Terrain St, Malvern, PA 19355",S0B2DAF8F87C31004,850032072090,St James Green Tea,3.5,6,6,100,0,2026-04-20 12:35:50
2026-04-23T11:39:47Z,haven,The Haven,TheHaven#2-cooler,16213,"1000 Terrain St, Malvern, PA 19355",S0B246944E4B51008,012000813313,Starbucks_Frappuccino_Vanilla,4.27,3,3,100,0,2026-04-20 12:35:50
2026-04-23T11:39:47Z,haven,The Haven,TheHaven#2-cooler,16213,"1000 Terrain St, Malvern, PA 19355",S0B2D9240A38C1008,850014658274,Super Gut GLP-1 Booster,1.99,15,15,100,0,2026-04-20 12:35:50
2026-04-23T11:39:47Z,haven,The Haven,TheHaven#2-cooler,16213,"1000 Terrain St, Malvern, PA 19355",S0B246944E3C71001,04043506,Twix Candy Bar,2.57,1,7,14,0,2026-04-20 12:35:50
2026-04-23T11:39:47Z,haven,The Haven,TheHaven#2-cooler,16213,"1000 Terrain St, Malvern, PA 19355",S0B2D48452F7E1005,89899900002,Vita coconut water,4.49,5,5,100,0,2026-04-20 12:35:50
2026-04-23T11:39:47Z,haven,The Haven,TheHaven#2-cooler,16213,"1000 Terrain St, Malvern, PA 19355",S0B2D527352ED100A,613423000801,Zukes Chicken,7.97,6,6,100,0,2026-04-20 12:35:50
2026-04-23T11:39:47Z,warren,Warren Park,ChicagoDryCab2-Warren,15518,"Warren Park Fieldhouse, 6601 N Western Ave, Chicago, IL 60645",S0B2716D0429F100D,F0B2716D0429F100B,Absolutely Cool Water Spray Fan,11.99,4,0,,0,2025-11-04 20:34:02
2026-04-23T11:39:47Z,warren,Warren Park,ChicagoDryCab2-Warren,15518,"Warren Park Fieldhouse, 6601 N Western Ave, Chicago, IL 60645",S0B246944E7DD1007,305730151108,Advil 10 pack,4.99,1,0,,0,2025-11-04 20:34:02
2026-04-23T11:39:47Z,warren,Warren Park,ChicagoDryCab2-Warren,15518,"Warren Park Fieldhouse, 6601 N Western Ave, Chicago, IL 60645",S0B26050ED251100C,079656045321,Banana Boat Sport Ultra 30 SPF 1oz,3.99,0,0,,0,2025-11-04 20:34:02
2026-04-23T11:39:47Z,warren,Warren Park,ChicagoDryCab2-Warren,15518,"Warren Park Fieldhouse, 6601 N Western Ave, Chicago, IL 60645",S0B246944E7EE1002,792850155992,Burt's Bees Original Lip Balm,3.99,2,0,,0,2025-11-04 20:34:02
2026-04-23T11:39:47Z,warren,Warren Park,ChicagoDryCab2-Warren,15518,"Warren Park Fieldhouse, 6601 N Western Ave, Chicago, IL 60645",S0B2B705E47F31004,F0B2B705E47F31002,Cadeau de Ciel Premium Knitted Unisex Beanie,7.9,2,0,,0,2026-01-30 17:53:31
2026-04-23T11:39:47Z,warren,Warren Park,ChicagoDryCab2-Warren,15518,"Warren Park Fieldhouse, 6601 N Western Ave, Chicago, IL 60645",S0B248CF276D71003,083078113148,Carmex Lip Balm,2.99,0,0,,0,2026-01-16 17:38:19
2026-04-23T11:39:47Z,warren,Warren Park,ChicagoDryCab2-Warren,15518,"Warren Park Fieldhouse, 6601 N Western Ave, Chicago, IL 60645",S0B2B7067CB11100C,F0B2B7067CB11100A,Cotton Finger Stretch Winter Gloves,3.49,3,0,,0,2026-01-30 17:53:31
2026-04-23T11:39:47Z,warren,Warren Park,ChicagoDryCab2-Warren,15518,"Warren Park Fieldhouse, 6601 N Western Ave, Chicago, IL 60645",S0B248CF276811005,086553146068,Cozy Soft Polar Fleece Throw,10.0,3,0,,0,2025-11-04 20:34:02
2026-04-23T11:39:47Z,warren,Warren Park,ChicagoDryCab2-Warren,15518,"Warren Park Fieldhouse, 6601 N Western Ave, Chicago, IL 60645",S0B248CF277511004,071662000240,Crayola Crayons,3.99,2,0,,0,2025-11-04 20:34:02
2026-04-23T11:39:47Z,warren,Warren Park,ChicagoDryCab2-Warren,15518,"Warren Park Fieldhouse, 6601 N Western Ave, Chicago, IL 60645",S0B27095B08441009,860008091871,CRBN Pickleball Paddle Eraser,16.99,4,0,,0,2025-11-04 20:34:02
2026-04-23T11:39:47Z,warren,Warren Park,ChicagoDryCab2-Warren,15518,"Warren Park Fieldhouse, 6601 N Western Ave, Chicago, IL 60645",S0B248CF276A51008,193489016393,Curad First Aid Pack,3.0,1,0,,0,2025-11-09 14:19:16
2026-04-23T11:39:47Z,warren,Warren Park,ChicagoDryCab2-Warren,15518,"Warren Park Fieldhouse, 6601 N Western Ave, Chicago, IL 60645",S0B248CF276C81007,024291276463,Degree Deodorant,2.99,2,0,,0,2025-11-08 13:51:22
2026-04-23T11:39:47Z,warren,Warren Park,ChicagoDryCab2-Warren,15518,"Warren Park Fieldhouse, 6601 N Western Ave, Chicago, IL 60645",S0B26F75C4CA6100A,870856002431,Earth Rated Dog Poop Bags 100 count,9.19,1,0,,0,2025-11-04 20:34:02
2026-04-23T11:39:47Z,warren,Warren Park,ChicagoDryCab2-Warren,15518,"Warren Park Fieldhouse, 6601 N Western Ave, Chicago, IL 60645",S0B26F7501FD91004,870856001335,Earth Rated Poop Bag Dispenser (w/ 20 bags),6.49,1,0,,0,2025-11-04 20:34:02
2026-04-23T11:39:47Z,warren,Warren Park,ChicagoDryCab2-Warren,15518,"Warren Park Fieldhouse, 6601 N Western Ave, Chicago, IL 60645",S0B2716EDA4AA1004,024576728625,Expressions Clasp Free Hair Elastics,2.49,4,0,,0,2025-11-04 20:34:02
2026-04-23T11:39:47Z,warren,Warren Park,ChicagoDryCab2-Warren,15518,"Warren Park Fieldhouse, 6601 N Western Ave, Chicago, IL 60645",S0B27089BD693100B,025725459803,Franklin X-40 Pickleballs 3 pack,11.99,3,0,,0,2025-11-04 20:34:02
2026-04-23T11:39:47Z,warren,Warren Park,ChicagoDryCab2-Warren,15518,"Warren Park Fieldhouse, 6601 N Western Ave, Chicago, IL 60645",S0B2A543315151007,850083008918,Functional Gummy Immunity Shots Elderberry,3.49,9,0,,0,2026-01-30 17:53:31
2026-04-23T11:39:47Z,warren,Warren Park,ChicagoDryCab2-Warren,15518,"Warren Park Fieldhouse, 6601 N Western Ave, Chicago, IL 60645",S0B27AC1369011004,052000044577,Gatorade Zero Powder Packets Glacial Freeze 10 pk,7.99,1,0,,0,2025-11-04 20:34:02
2026-04-23T11:39:47Z,warren,Warren Park,ChicagoDryCab2-Warren,15518,"Warren Park Fieldhouse, 6601 N Western Ave, Chicago, IL 60645",S0B248CF276BE1004,789949312701,Gen Tek USB Lightning Cable,11.0,2,0,,0,2025-11-04 20:34:02
2026-04-23T11:39:47Z,warren,Warren Park,ChicagoDryCab2-Warren,15518,"Warren Park Fieldhouse, 6601 N Western Ave, Chicago, IL 60645",S0B248CF276C31007,789949210625,Gen Tek USB Wall Charger,11.0,2,0,,0,2025-11-04 20:34:02
2026-04-23T11:39:47Z,warren,Warren Park,ChicagoDryCab2-Warren,15518,"Warren Park Fieldhouse, 6601 N Western Ave, Chicago, IL 60645",S0B248CF276B91000,789949230319,Gen Tek USB-C Cable,11.0,1,0,,0,2025-12-13 13:14:06
2026-04-23T11:39:47Z,warren,Warren Park,ChicagoDryCab2-Warren,15518,"Warren Park Fieldhouse, 6601 N Western Ave, Chicago, IL 60645",S0B248CF276CD1009,024291293897,Gold Bond Healing Cream,3.99,1,0,,0,2026-01-30 17:53:31
2026-04-23T11:39:47Z,warren,Warren Park,ChicagoDryCab2-Warren,15518,"Warren Park Fieldhouse, 6601 N Western Ave, Chicago, IL 60645",S0B26FCCB7BBA1002,F0B26FCCB7BBA1000,Hagon Pro Rain Poncho,4.99,2,0,,0,2025-11-04 20:34:02
2026-04-23T11:39:47Z,warren,Warren Park,ChicagoDryCab2-Warren,15518,"Warren Park Fieldhouse, 6601 N Western Ave, Chicago, IL 60645",S0B260513C72C1004,312546628724,Halls Cough Drops - Honey Lemon,1.99,4,0,,0,2026-03-17 22:11:05
2026-04-23T11:39:47Z,warren,Warren Park,ChicagoDryCab2-Warren,15518,"Warren Park Fieldhouse, 6601 N Western Ave, Chicago, IL 60645",S0B2493CE67FA1004,9473307589,HotHands Hand Warmers,2.0,13,0,,0,2026-01-31 16:49:47
2026-04-23T11:39:47Z,warren,Warren Park,ChicagoDryCab2-Warren,15518,"Warren Park Fieldhouse, 6601 N Western Ave, Chicago, IL 60645",S0B2A542E55301008,859992003021,Hustle Clean Body Wipe,1.99,2,0,,0,2026-01-30 17:53:31
2026-04-23T11:39:47Z,warren,Warren Park,ChicagoDryCab2-Warren,15518,"Warren Park Fieldhouse, 6601 N Western Ave, Chicago, IL 60645",S0B26FCBF0D5A1006,041167008812,IcyHot Original Cream Pain Relief 3oz,9.99,3,0,,0,2025-11-04 20:34:02
2026-04-23T11:39:47Z,warren,Warren Park,ChicagoDryCab2-Warren,15518,"Warren Park Fieldhouse, 6601 N Western Ave, Chicago, IL 60645",S0B248CF276DC1004,036000123234,Kleenex Tissues on the Go,1.0,3,0,,0,2025-11-04 20:34:02
2026-04-23T11:39:47Z,warren,Warren Park,ChicagoDryCab2-Warren,15518,"Warren Park Fieldhouse, 6601 N Western Ave, Chicago, IL 60645",S0B27090777441001,078914197123,Mega Tac Pickleball Overgrip 2 pack,8.99,3,0,,0,2025-11-04 20:34:02
2026-04-23T11:39:47Z,warren,Warren Park,ChicagoDryCab2-Warren,15518,"Warren Park Fieldhouse, 6601 N Western Ave, Chicago, IL 60645",S0B2845BC12F5100A,810007542027,Nectar Whey Protein Pack Chocolate Truffle 28g,3.79,6,0,,0,2026-01-30 17:53:31
2026-04-23T11:39:47Z,warren,Warren Park,ChicagoDryCab2-Warren,15518,"Warren Park Fieldhouse, 6601 N Western Ave, Chicago, IL 60645",S0B2845C0CA861005,810007542003,Nectar Whey Protein Pack Strawberry Mousse 28g,3.79,5,0,,0,2026-01-30 17:53:31
2026-04-23T11:39:47Z,warren,Warren Park,ChicagoDryCab2-Warren,15518,"Warren Park Fieldhouse, 6601 N Western Ave, Chicago, IL 60645",S0B270973FC07100C,F0B270973FC07100A,"Nerf 5"" Foam Basketball",11.29,1,0,,0,2025-11-04 20:34:02
2026-04-23T11:39:47Z,warren,Warren Park,ChicagoDryCab2-Warren,15518,"Warren Park Fieldhouse, 6601 N Western Ave, Chicago, IL 60645",S0B270975F8241007,F0B270975F8241005,"Nerf 5"" Foam Football",11.29,1,0,,0,2025-11-04 20:34:02
2026-04-23T11:39:47Z,warren,Warren Park,ChicagoDryCab2-Warren,15518,"Warren Park Fieldhouse, 6601 N Western Ave, Chicago, IL 60645",S0B270977DF85100A,F0B270977DF851008,"Nerf 5"" Foam Soccer Ball",11.29,1,0,,0,2025-11-04 20:34:02
2026-04-23T11:39:47Z,warren,Warren Park,ChicagoDryCab2-Warren,15518,"Warren Park Fieldhouse, 6601 N Western Ave, Chicago, IL 60645",S0B26F7536A771001,025725582877,Nerf Vortex Ultra Grip Football,29.99,2,0,,0,2025-11-04 20:34:02
2026-04-23T11:39:47Z,warren,Warren Park,ChicagoDryCab2-Warren,15518,"Warren Park Fieldhouse, 6601 N Western Ave, Chicago, IL 60645",S0B27091064CB1006,086800872726,Neutrogena Beach Defense 70 Lotion,12.99,0,0,,0,2025-11-04 20:34:02
2026-04-23T11:39:47Z,warren,Warren Park,ChicagoDryCab2-Warren,15518,"Warren Park Fieldhouse, 6601 N Western Ave, Chicago, IL 60645",S0B27089366F41006,046500221545,Off! FamilyCare Insert Repellent,9.99,3,0,,0,2025-11-04 20:34:02
2026-04-23T11:39:47Z,warren,Warren Park,ChicagoDryCab2-Warren,15518,"Warren Park Fieldhouse, 6601 N Western Ave, Chicago, IL 60645",S0B27204ABCA11007,9781690260646,Paw Patrol Jumbo Coloring Book,2.99,3,0,,0,2025-11-04 20:34:02
2026-04-23T11:39:47Z,warren,Warren Park,ChicagoDryCab2-Warren,15518,"Warren Park Fieldhouse, 6601 N Western Ave, Chicago, IL 60645",S0B26F74B4A4D100C,072489010016,Penn Championship Tennis Balls 3 pack,4.99,1,0,,0,2025-12-05 13:35:26
2026-04-23T11:39:47Z,warren,Warren Park,ChicagoDryCab2-Warren,15518,"Warren Park Fieldhouse, 6601 N Western Ave, Chicago, IL 60645",S0B2716E53EE6100C,868949000341,Performance Gummies Power Up,3.49,8,0,,0,2025-11-04 20:34:02
2026-04-23T11:39:47Z,warren,Warren Park,ChicagoDryCab2-Warren,15518,"Warren Park Fieldhouse, 6601 N Western Ave, Chicago, IL 60645",S0B2716E2C9E91004,850032713375,Performance Gummies Recover,3.49,11,0,,0,2025-11-04 20:34:02
2026-04-23T11:39:47Z,warren,Warren Park,ChicagoDryCab2-Warren,15518,"Warren Park Fieldhouse, 6601 N Western Ave, Chicago, IL 60645",S0B27ACABCF16100A,F0B27ACABCF161008,Pickleball Ball Retriever,4.99,2,0,,0,2025-11-04 20:34:02
2026-04-23T11:39:47Z,warren,Warren Park,ChicagoDryCab2-Warren,15518,"Warren Park Fieldhouse, 6601 N Western Ave, Chicago, IL 60645",S0B27204D77D61008,6952192723332,play day Bubble Blast Solution,1.99,0,0,,0,2025-11-04 20:34:02
2026-04-23T11:39:47Z,warren,Warren Park,ChicagoDryCab2-Warren,15518,"Warren Park Fieldhouse, 6601 N Western Ave, Chicago, IL 60645",S0B27AC0E715C1003,052000010886,Propel Fitness Water Mix Packets - 10 pk- Kiwi Strawberry,6.49,2,0,,0,2025-12-09 18:33:18
2026-04-23T11:39:47Z,warren,Warren Park,ChicagoDryCab2-Warren,15518,"Warren Park Fieldhouse, 6601 N Western Ave, Chicago, IL 60645",S0B248CF276D21007,073852292237,Purell Hand Sanitizer,2.99,4,0,,0,2025-11-04 20:34:02
2026-04-23T11:39:47Z,warren,Warren Park,ChicagoDryCab2-Warren,15518,"Warren Park Fieldhouse, 6601 N Western Ave, Chicago, IL 60645",S0B27096064BF1009,038100100979,Purina Beggin' Dog Treats Bratwurst & Bacon 6oz,3.99,1,0,,0,2025-11-04 20:34:02
2026-04-23T11:39:47Z,warren,Warren Park,ChicagoDryCab2-Warren,15518,"Warren Park Fieldhouse, 6601 N Western Ave, Chicago, IL 60645",S0B26FCC5094D1003,745492987940,Rawlings Eye Black Tube,5.99,0,0,,0,2025-11-04 20:34:02
2026-04-23T11:39:47Z,warren,Warren Park,ChicagoDryCab2-Warren,15518,"Warren Park Fieldhouse, 6601 N Western Ave, Chicago, IL 60645",S0B248CF277281007,655708119761,Secret Powder Fresh Deodorant,2.99,4,0,,0,2025-11-04 20:34:02
2026-04-23T11:39:47Z,warren,Warren Park,ChicagoDryCab2-Warren,15518,"Warren Park Fieldhouse, 6601 N Western Ave, Chicago, IL 60645",S0B2479398C501008,2295041942,Shrimp Scalpi Head Massager,10.0,2,0,,0,2025-11-04 20:34:02
2026-04-23T11:39:47Z,warren,Warren Park,ChicagoDryCab2-Warren,15518,"Warren Park Fieldhouse, 6601 N Western Ave, Chicago, IL 60645",S0B293DD1185C1004,6919030201292,Skip-Bo Card Game,8.49,2,0,,0,2025-11-04 20:34:02
2026-04-23T11:39:47Z,warren,Warren Park,ChicagoDryCab2-Warren,15518,"Warren Park Fieldhouse, 6601 N Western Ave, Chicago, IL 60645",S0B248CF276861006,086553148758,Soft Flannel Zig Zag Throw,17.0,2,0,,0,2025-11-04 20:34:02
2026-04-23T11:39:47Z,warren,Warren Park,ChicagoDryCab2-Warren,15518,"Warren Park Fieldhouse, 6601 N Western Ave, Chicago, IL 60645",S0B2B7063F1381009,F0B2B7063F1381007,Star Sport Waterproof Ski Winter Gloves,8.9,0,0,,0,2026-01-30 21:24:36
2026-04-23T11:39:47Z,warren,Warren Park,ChicagoDryCab2-Warren,15518,"Warren Park Fieldhouse, 6601 N Western Ave, Chicago, IL 60645",S0B248CF276E11005,078300070320,Stay free Maxi Pads,4.4,1,0,,0,2025-12-05 16:41:56
2026-04-23T11:39:47Z,warren,Warren Park,ChicagoDryCab2-Warren,15518,"Warren Park Fieldhouse, 6601 N Western Ave, Chicago, IL 60645",S0B2716F0831E100C,F0B2716F0831E100A,Sun Flower Hand Held Folding Fan,1.99,2,0,,0,2025-11-04 20:34:02
2026-04-23T11:39:47Z,warren,Warren Park,ChicagoDryCab2-Warren,15518,"Warren Park Fieldhouse, 6601 N Western Ave, Chicago, IL 60645",S0B248CF277191002,073010214095,Tampax Regular 10ct,4.4,1,0,,0,2026-03-13 19:52:18
2026-04-23T11:39:47Z,warren,Warren Park,ChicagoDryCab2-Warren,15518,"Warren Park Fieldhouse, 6601 N Western Ave, Chicago, IL 60645",S0B24D692F154100D,F0B24D692F154100B,Tater Tats Temporary Tattoos (8 pack),10.0,0,0,,0,2025-11-04 20:34:02
2026-04-23T11:39:47Z,warren,Warren Park,ChicagoDryCab2-Warren,15518,"Warren Park Fieldhouse, 6601 N Western Ave, Chicago, IL 60645",S0B246944E8251002,300450449153,Tylenol 10 Pack,3.99,0,0,,0,2026-03-17 22:11:05
2026-04-23T11:39:47Z,warren,Warren Park,ChicagoDryCab2-Warren,15518,"Warren Park Fieldhouse, 6601 N Western Ave, Chicago, IL 60645",S0B248CF276F01001,082815004213,Weather Zone Umbrella,9.99,2,0,,0,2025-11-04 20:34:02
2026-04-23T11:39:47Z,mckinley,McKinley Park,mHUBPrototypingShop,15520,1623 W Fulton St,S0B2716D0429F100D,F0B2716D0429F100B,Absolutely Cool Water Spray Fan,11.99,1,6,17,0,2026-03-03 20:43:35
2026-04-23T11:39:47Z,mckinley,McKinley Park,mHUBPrototypingShop,15520,1623 W Fulton St,S0B246944E7DD1007,305730151108,Advil 10 pack,4.99,0,10,0,0,2025-07-29 19:04:23
2026-04-23T11:39:47Z,mckinley,McKinley Park,mHUBPrototypingShop,15520,1623 W Fulton St,S0B263F6DB2C81007,F0B263F6DB2C81005,Animal Finger Puppets,5.0,0,5,0,0,2026-03-03 20:43:35
2026-04-23T11:39:47Z,mckinley,McKinley Park,mHUBPrototypingShop,15520,1623 W Fulton St,S0B254BAFF3AC1004,764608005040,Bazic Memo Book,3.99,2,3,67,0,2025-07-24 11:03:55
2026-04-23T11:39:47Z,mckinley,McKinley Park,mHUBPrototypingShop,15520,1623 W Fulton St,S0B248CF2772D1005,041388220611,Blistex Lip Balm,2.99,3,8,38,0,2025-09-12 18:33:44
2026-04-23T11:39:47Z,mckinley,McKinley Park,mHUBPrototypingShop,15520,1623 W Fulton St,S0B248CF276D71003,083078113148,Carmex Lip Balm,2.99,3,8,38,0,2025-09-11 15:50:04
2026-04-23T11:39:47Z,mckinley,McKinley Park,mHUBPrototypingShop,15520,1623 W Fulton St,S0B248CF276811005,086553146068,Cozy Soft Polar Fleece Throw,10.99,3,4,75,0,2025-11-05 11:35:26
2026-04-23T11:39:47Z,mckinley,McKinley Park,mHUBPrototypingShop,15520,1623 W Fulton St,S0B248CF277511004,071662000240,Crayola Crayons,3.99,3,5,60,0,2025-07-24 11:03:55
2026-04-23T11:39:47Z,mckinley,McKinley Park,mHUBPrototypingShop,15520,1623 W Fulton St,S0B248CF276A51008,193489016393,Curad First Aid Pack,3.0,2,5,40,0,2025-07-24 11:03:55
2026-04-23T11:39:47Z,mckinley,McKinley Park,mHUBPrototypingShop,15520,1623 W Fulton St,S0B26F75C4CA6100A,870856002431,Earth Rated Dog Poop Bags 100 count,9.19,1,3,33,0,2025-07-24 11:03:55
2026-04-23T11:39:47Z,mckinley,McKinley Park,mHUBPrototypingShop,15520,1623 W Fulton St,S0B26F7501FD91004,870856001335,Earth Rated Poop Bag Dispenser (w/ 20 bags),6.49,1,3,33,0,2025-07-24 11:03:55
2026-04-23T11:39:47Z,mckinley,McKinley Park,mHUBPrototypingShop,15520,1623 W Fulton St,S0B27090C23311002,840281712663,East point Shuttlecocks 6 pack,5.99,2,5,40,0,2025-07-24 11:03:55
2026-04-23T11:39:47Z,mckinley,McKinley Park,mHUBPrototypingShop,15520,1623 W Fulton St,S0B2716EDA4AA1004,024576728625,Expressions Clasp Free Hair Elastics,2.49,4,5,80,0,2025-11-05 11:35:26
2026-04-23T11:39:47Z,mckinley,McKinley Park,mHUBPrototypingShop,15520,1623 W Fulton St,S0B27089BD693100B,025725459803,Franklin X-40 Pickleballs 3 pack,11.99,2,5,40,0,2025-07-24 11:03:55
2026-04-23T11:39:47Z,mckinley,McKinley Park,mHUBPrototypingShop,15520,1623 W Fulton St,S0B248CF276BE1004,789949312701,Gen Tek USB Lightning Cable,11.0,1,0,,0,2025-11-05 11:35:26
2026-04-23T11:39:47Z,mckinley,McKinley Park,mHUBPrototypingShop,15520,1623 W Fulton St,S0B248CF276C31007,789949210625,Gen Tek USB Wall Charger,11.0,1,0,,0,2025-11-05 11:35:26
2026-04-23T11:39:47Z,mckinley,McKinley Park,mHUBPrototypingShop,15520,1623 W Fulton St,S0B248CF276B91000,789949230319,Gen Tek USB-C Cable,11.0,1,0,,0,2025-11-05 11:35:26
2026-04-23T11:39:47Z,mckinley,McKinley Park,mHUBPrototypingShop,15520,1623 W Fulton St,S0B248CF276CD1009,024291293897,Gold Bond Healing Cream,3.99,2,3,67,0,2025-09-11 14:01:44
2026-04-23T11:39:47Z,mckinley,McKinley Park,mHUBPrototypingShop,15520,1623 W Fulton St,S0B26FCCB7BBA1002,F0B26FCCB7BBA1000,Hagon Pro Rain Poncho,4.99,3,5,60,0,2025-07-24 11:03:55
2026-04-23T11:39:47Z,mckinley,McKinley Park,mHUBPrototypingShop,15520,1623 W Fulton St,S0B248CF276B31008,024291293699,Handy Solutions Wipes,2.99,0,10,0,0,2025-07-24 11:03:55
2026-04-23T11:39:47Z,mckinley,McKinley Park,mHUBPrototypingShop,15520,1623 W Fulton St,S0B27ACDE71681001,027084120134,Hot Wheels Car Cadillac Hypercar,3.99,0,4,0,0,2026-02-19 19:09:03
2026-04-23T11:39:47Z,mckinley,McKinley Park,mHUBPrototypingShop,15520,1623 W Fulton St,S0B2493CE67FA1004,9473307589,HotHands Hand Warmers,2.0,16,0,,0,2025-11-05 11:35:26
2026-04-23T11:39:47Z,mckinley,McKinley Park,mHUBPrototypingShop,15520,1623 W Fulton St,S0B26FCBF0D5A1006,041167008812,IcyHot Original Cream Pain Relief 3oz,9.99,5,10,50,0,2025-09-13 12:07:23
2026-04-23T11:39:47Z,mckinley,McKinley Park,mHUBPrototypingShop,15520,1623 W Fulton St,S0B248CF276DC1004,036000123234,Kleenex Tissues on the Go,1.0,4,5,80,0,2025-09-11 15:50:04
2026-04-23T11:39:47Z,mckinley,McKinley Park,mHUBPrototypingShop,15520,1623 W Fulton St,S0B248CF2769F100B,F0B22ECBC02F0100A,Mattel Uno Card Game,7.49,1,4,25,0,2026-01-17 13:09:33
2026-04-23T11:39:47Z,mckinley,McKinley Park,mHUBPrototypingShop,15520,1623 W Fulton St,S0B2845BC12F5100A,810007542027,Nectar Whey Protein Pack Chocolate Truffle 28g,3.79,10,12,83,0,2025-09-11 15:44:31
2026-04-23T11:39:47Z,mckinley,McKinley Park,mHUBPrototypingShop,15520,1623 W Fulton St,S0B2845C0CA861005,810007542003,Nectar Whey Protein Pack Strawberry Mousse 28g,3.79,10,12,83,0,2025-09-11 15:44:31
2026-04-23T11:39:47Z,mckinley,McKinley Park,mHUBPrototypingShop,15520,1623 W Fulton St,S0B270973FC07100C,F0B270973FC07100A,"Nerf 5"" Foam Basketball",11.29,0,2,0,0,2026-01-08 16:20:54
2026-04-23T11:39:47Z,mckinley,McKinley Park,mHUBPrototypingShop,15520,1623 W Fulton St,S0B270975F8241007,F0B270975F8241005,"Nerf 5"" Foam Football",11.29,2,2,100,0,2025-07-24 11:03:55
2026-04-23T11:39:47Z,mckinley,McKinley Park,mHUBPrototypingShop,15520,1623 W Fulton St,S0B270977DF85100A,F0B270977DF851008,"Nerf 5"" Foam Soccer Ball",11.29,2,2,100,0,2025-07-24 11:03:55
2026-04-23T11:39:47Z,mckinley,McKinley Park,mHUBPrototypingShop,15520,1623 W Fulton St,S0B27ACA70130100A,025725582853,Nerf Vortex Aero Howler Football,19.99,0,4,0,0,2025-11-07 20:40:06
2026-04-23T11:39:47Z,mckinley,McKinley Park,mHUBPrototypingShop,15520,1623 W Fulton St,S0B27089366F41006,046500221545,Off! FamilyCare Insert Repellent,9.99,0,5,0,0,2025-09-10 17:21:08
2026-04-23T11:39:47Z,mckinley,McKinley Park,mHUBPrototypingShop,15520,1623 W Fulton St,S0B27204ABCA11007,9781690260646,Paw Patrol Jumbo Coloring Book,2.99,-1,4,-25,0,2026-03-09 12:23:45
2026-04-23T11:39:47Z,mckinley,McKinley Park,mHUBPrototypingShop,15520,1623 W Fulton St,S0B26F74B4A4D100C,072489010016,Penn Championship Tennis Balls 3 pack,4.99,2,6,33,0,2026-03-12 20:37:01
2026-04-23T11:39:47Z,mckinley,McKinley Park,mHUBPrototypingShop,15520,1623 W Fulton St,S0B2716E53EE6100C,868949000341,Performance Gummies Power Up,3.49,11,12,92,0,2026-04-02 21:35:39
2026-04-23T11:39:47Z,mckinley,McKinley Park,mHUBPrototypingShop,15520,1623 W Fulton St,S0B2716E2C9E91004,850032713375,Performance Gummies Recover,3.49,12,12,100,0,2025-07-24 11:03:55
2026-04-23T11:39:47Z,mckinley,McKinley Park,mHUBPrototypingShop,15520,1623 W Fulton St,S0B2709838BF11008,F0B2709838BF11006,Pickleball Rubber Paddle Eraser,7.99,2,3,67,0,2025-07-24 11:03:55
2026-04-23T11:39:47Z,mckinley,McKinley Park,mHUBPrototypingShop,15520,1623 W Fulton St,S0B248CF2774C1004,087508114538,Promarx Retractable Pen,3.99,2,3,67,0,2025-07-24 11:03:55
2026-04-23T11:39:47Z,mckinley,McKinley Park,mHUBPrototypingShop,15520,1623 W Fulton St,S0B27AC0E715C1003,052000010886,Propel Fitness Water Mix Packets - 10 pk- Kiwi Strawberry,6.49,2,5,40,0,2025-07-24 11:03:55
2026-04-23T11:39:47Z,mckinley,McKinley Park,mHUBPrototypingShop,15520,1623 W Fulton St,S0B27BB097BD21006,052000010879,Propel Fitness Water Powder Berry,6.49,4,5,80,0,2025-07-24 11:03:55
2026-04-23T11:39:47Z,mckinley,McKinley Park,mHUBPrototypingShop,15520,1623 W Fulton St,S0B248CF276D21007,073852292237,Purell Hand Sanitizer,2.99,2,6,33,0,2026-04-03 19:55:16
2026-04-23T11:39:47Z,mckinley,McKinley Park,mHUBPrototypingShop,15520,1623 W Fulton St,S0B27096064BF1009,038100100979,Purina Beggin' Dog Treats Bratwurst & Bacon 6oz,3.99,2,5,40,0,2025-08-28 19:58:07
2026-04-23T11:39:47Z,mckinley,McKinley Park,mHUBPrototypingShop,15520,1623 W Fulton St,S0B248CF276FF1006,F0B239FFE14991002,Rubber Chicken,8.99,0,3,0,0,2025-11-26 16:21:45
2026-04-23T11:39:47Z,mckinley,McKinley Park,mHUBPrototypingShop,15520,1623 W Fulton St,S0B293DD1185C1004,6919030201292,Skip-Bo Card Game,8.49,3,0,,0,2025-11-05 12:04:01
2026-04-23T11:39:47Z,mckinley,McKinley Park,mHUBPrototypingShop,15520,1623 W Fulton St,S0B248CF276861006,086553148758,Soft Flannel Zig Zag Throw,17.99,1,3,33,0,2025-11-05 13:14:36
2026-04-23T11:39:47Z,mckinley,McKinley Park,mHUBPrototypingShop,15520,1623 W Fulton St,S0B248CF276E11005,078300070320,Stay free Maxi Pads,4.4,0,0,,0,2026-04-03 19:55:16
2026-04-23T11:39:47Z,mckinley,McKinley Park,mHUBPrototypingShop,15520,1623 W Fulton St,S0B248CF277191002,073010214095,Tampax Regular 10ct,4.4,3,0,,0,2025-11-05 11:35:26
2026-04-23T11:39:47Z,mckinley,McKinley Park,mHUBPrototypingShop,15520,1623 W Fulton St,S0B2DB49723CA1009,037083014143,Titebond III Ultimate Wood Glue 16oz,6.0,1,0,,0,2026-04-21 12:12:01
2026-04-23T11:39:47Z,mckinley,McKinley Park,mHUBPrototypingShop,15520,1623 W Fulton St,S0B246944E8251002,300450449153,Tylenol 10 Pack,3.99,1,10,10,0,2026-02-27 18:49:50
2026-04-23T11:39:47Z,mckinley,McKinley Park,mHUBPrototypingShop,15520,1623 W Fulton St,S0B248CF276F01001,082815004213,Weather Zone Umbrella,9.99,1,3,33,0,2026-03-11 19:09:29
2026-04-23T11:39:47Z,mckinley,McKinley Park,mHUBPrototypingShop,15520,1623 W Fulton St,S0B270897C9DF100C,887768211660,Wilson Tournament Feather Shuttlecocks 3 pack,18.99,2,5,40,0,2025-07-24 11:03:55
2026-04-23T11:39:47Z,mckinley,McKinley Park,mHUBPrototypingShop,15520,1623 W Fulton St,S0B2721ED7D1E100A,730838901124,Wonder Nation no show Socks 3 pack,3.99,3,8,38,0,2025-12-05 19:00:25
2026-04-23T11:39:47Z,mckinley,McKinley Park,mHUBPrototypingShop,15520,1623 W Fulton St,S0B27096823B31002,4930379413230,YONEX AS-30 Badminton Feather Shuttlecocks 12 pack,68.99,2,2,100,0,2025-07-24 11:03:55
2026-04-23T11:39:47Z,borellis,Borelli's Box,BorellisBox,15452,"2124 W. Lawrence Ave. Chicago, IL 60640",S0B2716D0429F100D,F0B2716D0429F100B,Absolutely Cool Water Spray Fan,11.99,3,0,,0,2025-07-21 14:22:09
2026-04-23T11:39:47Z,borellis,Borelli's Box,BorellisBox,15452,"2124 W. Lawrence Ave. Chicago, IL 60640",S0B263F6DB2C81007,F0B263F6DB2C81005,Animal Finger Puppets,5.0,0,6,0,0,2026-03-08 19:32:49
2026-04-23T11:39:47Z,borellis,Borelli's Box,BorellisBox,15452,"2124 W. Lawrence Ave. Chicago, IL 60640",S0B254BAFF3AC1004,764608005040,Bazic Memo Book,3.99,1,2,50,0,2025-06-25 14:16:11
2026-04-23T11:39:47Z,borellis,Borelli's Box,BorellisBox,15452,"2124 W. Lawrence Ave. Chicago, IL 60640",S0B248CF2772D1005,041388220611,Blistex Lip Balm,2.99,2,4,50,0,2026-03-07 01:26:38
2026-04-23T11:39:47Z,borellis,Borelli's Box,BorellisBox,15452,"2124 W. Lawrence Ave. Chicago, IL 60640",S0B246944E7EE1002,792850155992,Burt's Bees Original Lip Balm,3.99,1,3,33,0,2025-12-15 21:34:00
2026-04-23T11:39:47Z,borellis,Borelli's Box,BorellisBox,15452,"2124 W. Lawrence Ave. Chicago, IL 60640",S0B248CF276D71003,083078113148,Carmex Lip Balm,2.99,2,2,100,0,2025-06-25 14:16:11
2026-04-23T11:39:47Z,borellis,Borelli's Box,BorellisBox,15452,"2124 W. Lawrence Ave. Chicago, IL 60640",S0B24D18EA7111002,5060122441056,Clarke Tin Whistle,15.0,-2,2,-100,0,2025-12-04 21:47:05
2026-04-23T11:39:47Z,borellis,Borelli's Box,BorellisBox,15452,"2124 W. Lawrence Ave. Chicago, IL 60640",S0B246944E6481002,722252101808,Clif Bar Chocolate Brownie,3.0,0,3,0,0,2025-10-29 12:13:12
2026-04-23T11:39:47Z,borellis,Borelli's Box,BorellisBox,15452,"2124 W. Lawrence Ave. Chicago, IL 60640",S0B248CF277511004,071662000240,Crayola Crayons,4.0,1,4,25,0,2025-06-25 14:16:11
2026-04-23T11:39:47Z,borellis,Borelli's Box,BorellisBox,15452,"2124 W. Lawrence Ave. Chicago, IL 60640",S0B248CF276A51008,193489016393,Curad First Aid Pack,3.0,2,9,22,0,2025-06-25 14:16:11
2026-04-23T11:39:47Z,borellis,Borelli's Box,BorellisBox,15452,"2124 W. Lawrence Ave. Chicago, IL 60640",S0B2493E0C24D1008,1995419158,D'Addario Eclipse Tuner,29.99,2,0,,0,2025-12-18 20:02:21
2026-04-23T11:39:47Z,borellis,Borelli's Box,BorellisBox,15452,"2124 W. Lawrence Ave. Chicago, IL 60640",S0B2493BCBC12100C,1995412114,D'addario EJ16 Guitar String Set,18.0,1,2,50,0,2025-12-11 20:17:16
2026-04-23T11:39:47Z,borellis,Borelli's Box,BorellisBox,15452,"2124 W. Lawrence Ave. Chicago, IL 60640",S0B2493C2C9C0100B,1995491090,D'Addario EJ69 Banjo Strings,11.0,2,2,100,0,2025-06-25 14:16:11
2026-04-23T11:39:47Z,borellis,Borelli's Box,BorellisBox,15452,"2124 W. Lawrence Ave. Chicago, IL 60640",S0B24D68CE4921002,1995491071,D'Addario Mandolin EJ73 String Set,17.0,2,2,100,0,2025-06-25 14:16:11
2026-04-23T11:39:47Z,borellis,Borelli's Box,BorellisBox,15452,"2124 W. Lawrence Ave. Chicago, IL 60640",S0B254BB301FC1009,019954926809,D'Addario Pro Winder,18.0,1,2,50,0,2025-12-11 20:17:16
2026-04-23T11:39:47Z,borellis,Borelli's Box,BorellisBox,15452,"2124 W. Lawrence Ave. Chicago, IL 60640",S0B248CF277471005,9781837717521,Disneyland Sticker & Activity Book,15.0,2,2,100,0,2025-06-25 14:16:11
2026-04-23T11:39:47Z,borellis,Borelli's Box,BorellisBox,15452,"2124 W. Lawrence Ave. Chicago, IL 60640",S0B2493C7770D1006,003918101532,"Dominant A, D, G Violin String Set",79.0,2,2,100,0,2025-06-25 14:16:11
2026-04-23T11:39:47Z,borellis,Borelli's Box,BorellisBox,15452,"2124 W. Lawrence Ave. Chicago, IL 60640",S0B24D695D36F1001,10137017772,Dunlop Maraca Shaker Egg,4.99,2,3,67,0,2025-10-27 21:02:39
2026-04-23T11:39:47Z,borellis,Borelli's Box,BorellisBox,15452,"2124 W. Lawrence Ave. Chicago, IL 60640",S0B248CF277321006,039800082725,Energizer 123 Lithium,12.0,3,3,100,0,2025-06-25 14:16:11
2026-04-23T11:39:47Z,borellis,Borelli's Box,BorellisBox,15452,"2124 W. Lawrence Ave. Chicago, IL 60640",S0B24D6976A12100C,3980008863,Energizer 2032 Battery,5.99,2,3,67,0,2025-08-14 20:11:38
2026-04-23T11:39:47Z,borellis,Borelli's Box,BorellisBox,15452,"2124 W. Lawrence Ave. Chicago, IL 60640",S0B24D68A8E271003,3980003678,Energizer 9V_2 Battery (2 pack),12.0,1,1,100,0,2025-06-25 14:16:11
2026-04-23T11:39:47Z,borellis,Borelli's Box,BorellisBox,15452,"2124 W. Lawrence Ave. Chicago, IL 60640",S0B248CF276A91005,039800011329,Energizer AA Batteries,5.99,3,6,50,0,2026-03-17 21:20:13
2026-04-23T11:39:47Z,borellis,Borelli's Box,BorellisBox,15452,"2124 W. Lawrence Ave. Chicago, IL 60640",S0B248CF276AE1005,039800099099,Energizer AAA Batteries,5.99,-3,4,-75,0,2025-12-13 16:34:30
2026-04-23T11:39:47Z,borellis,Borelli's Box,BorellisBox,15452,"2124 W. Lawrence Ave. Chicago, IL 60640",S0B2493E5917B100C,3980002297,Energizer CR2 Lithium Battery 2 pack,11.99,1,1,100,0,2025-06-25 14:16:11
2026-04-23T11:39:47Z,borellis,Borelli's Box,BorellisBox,15452,"2124 W. Lawrence Ave. Chicago, IL 60640",S0B248CF276BE1004,789949312701,Gen Tek USB Lightning Cable,11.0,2,2,100,0,2025-06-25 14:16:11
2026-04-23T11:39:47Z,borellis,Borelli's Box,BorellisBox,15452,"2124 W. Lawrence Ave. Chicago, IL 60640",S0B248CF276C31007,789949210625,Gen Tek USB Wall Charger,11.0,0,2,0,0,2025-06-25 14:16:11
2026-04-23T11:39:47Z,borellis,Borelli's Box,BorellisBox,15452,"2124 W. Lawrence Ave. Chicago, IL 60640",S0B248CF276B91000,789949230319,Gen Tek USB-C Cable,11.0,1,2,50,0,2025-06-25 14:16:11
2026-04-23T11:39:47Z,borellis,Borelli's Box,BorellisBox,15452,"2124 W. Lawrence Ave. Chicago, IL 60640",S0B248CF276CD1009,024291293897,Gold Bond Healing Cream,3.99,4,4,100,0,2025-06-25 14:16:11
2026-04-23T11:39:47Z,borellis,Borelli's Box,BorellisBox,15452,"2124 W. Lawrence Ave. Chicago, IL 60640",S0B24D187B06D100B,5389093001,Gorilla Snot Pick Grip,8.99,2,2,100,0,2025-06-25 14:16:11
2026-04-23T11:39:47Z,borellis,Borelli's Box,BorellisBox,15452,"2124 W. Lawrence Ave. Chicago, IL 60640",S0B260513C72C1004,312546628724,Halls Cough Drops - Honey Lemon,1.99,9,20,45,0,2026-04-14 22:33:49
2026-04-23T11:39:47Z,borellis,Borelli's Box,BorellisBox,15452,"2124 W. Lawrence Ave. Chicago, IL 60640",S0B248CF276B31008,024291293699,Handy Solutions Wipes,3.0,8,10,80,0,2025-12-15 21:34:00
2026-04-23T11:39:47Z,borellis,Borelli's Box,BorellisBox,15452,"2124 W. Lawrence Ave. Chicago, IL 60640",S0B254BABB08C1001,5036678003260,Hindersine 3V Rosin,11.0,3,3,100,0,2025-06-25 14:16:11
2026-04-23T11:39:47Z,borellis,Borelli's Box,BorellisBox,15452,"2124 W. Lawrence Ave. Chicago, IL 60640",S0B248CF27777100B,F0B23D477A6CA1001,Hohner,3.0,2,3,67,0,2026-03-08 20:12:14
2026-04-23T11:39:47Z,borellis,Borelli's Box,BorellisBox,15452,"2124 W. Lawrence Ave. Chicago, IL 60640",S0B248CF277711000,F0B23D47534341008,Hohner Kazoo,3.0,-1,2,-50,0,2026-01-08 21:06:06
2026-04-23T11:39:47Z,borellis,Borelli's Box,BorellisBox,15452,"2124 W. Lawrence Ave. Chicago, IL 60640",S0B24D6D673AD1002,F0B24D6D673AD1000,Hohner Kazoo,3.0,-1,2,-50,0,2026-02-15 19:35:57
2026-04-23T11:39:47Z,borellis,Borelli's Box,BorellisBox,15452,"2124 W. Lawrence Ave. Chicago, IL 60640",S0B25AF9E30E0100D,F0B25AF9E30E0100B,Hohner Kazoo Green,3.0,1,3,33,0,2026-03-07 01:26:38
2026-04-23T11:39:47Z,borellis,Borelli's Box,BorellisBox,15452,"2124 W. Lawrence Ave. Chicago, IL 60640",S0B25AF9FD4791006,F0B25AF9FD4791004,Hohner Kazoo purple,3.0,1,2,50,0,2025-09-11 19:50:05
2026-04-23T11:39:47Z,borellis,Borelli's Box,BorellisBox,15452,"2124 W. Lawrence Ave. Chicago, IL 60640",S0B25AF9C75B91003,F0B25AF9C75B81006,Hohner Kazoo Yellow,3.0,2,3,67,0,2026-03-02 20:39:37
2026-04-23T11:39:47Z,borellis,Borelli's Box,BorellisBox,15452,"2124 W. Lawrence Ave. Chicago, IL 60640",S0B25AF74142E1001,F0B25AF7414141004,Jonas Friddle Hot Sauce,12.0,4,0,,0,2025-11-08 21:29:37
2026-04-23T11:39:47Z,borellis,Borelli's Box,BorellisBox,15452,"2124 W. Lawrence Ave. Chicago, IL 60640",S0B248CF276DC1004,036000123234,Kleenex Tissues on the Go,1.0,5,11,45,0,2026-03-07 01:26:38
2026-04-23T11:39:47Z,borellis,Borelli's Box,BorellisBox,15452,"2124 W. Lawrence Ave. Chicago, IL 60640",S0B25B432DDA71008,F0B25B432DDA71006,Kodama - 3D Tree Spirit,6.0,1,4,25,0,2025-12-15 21:34:00
2026-04-23T11:39:47Z,borellis,Borelli's Box,BorellisBox,15452,"2124 W. Lawrence Ave. Chicago, IL 60640",S0B2493E90DAE1003,0926501410,Kyser BMU Banjo/Mando Capo,29.99,0,2,0,0,2026-03-12 22:05:00
2026-04-23T11:39:47Z,borellis,Borelli's Box,BorellisBox,15452,"2124 W. Lawrence Ave. Chicago, IL 60640",S0B248CF2771E100B,009265016108,Kyser Quick-Change,29.99,2,1,200,0,2025-09-11 22:36:31
2026-04-23T11:39:47Z,borellis,Borelli's Box,BorellisBox,15452,"2124 W. Lawrence Ave. Chicago, IL 60640",S0B263F734F7E100C,F0B263F734F7E100A,Magnetic Fidget Sphere,15.0,3,3,100,0,2025-06-25 14:16:11
2026-04-23T11:39:47Z,borellis,Borelli's Box,BorellisBox,15452,"2124 W. Lawrence Ave. Chicago, IL 60640",S0B263F6FE61A1004,F0B263F6FE61A1002,Magnetic People,5.0,0,2,0,0,2025-06-25 14:16:11
2026-04-23T11:39:47Z,borellis,Borelli's Box,BorellisBox,15452,"2124 W. Lawrence Ave. Chicago, IL 60640",S0B246944E9401002,06827465,Nestle Pure Life Water,1.99,3,4,75,0,2025-12-05 16:57:07
2026-04-23T11:39:47Z,borellis,Borelli's Box,BorellisBox,15452,"2124 W. Lawrence Ave. Chicago, IL 60640",S0B2493CFD54E1007,016710105122,Pirastro violin E string,10.0,2,2,100,0,2025-06-25 14:16:11
2026-04-23T11:39:47Z,borellis,Borelli's Box,BorellisBox,15452,"2124 W. Lawrence Ave. Chicago, IL 60640",S0B248CF2774C1004,087508114538,Promarx Retractable Pen,4.0,2,4,50,0,2025-06-25 14:16:11
2026-04-23T11:39:47Z,borellis,Borelli's Box,BorellisBox,15452,"2124 W. Lawrence Ave. Chicago, IL 60640",S0B248CF276D21007,073852292237,Purell Hand Sanitizer,2.99,2,3,67,0,2025-11-08 21:41:12
2026-04-23T11:39:47Z,borellis,Borelli's Box,BorellisBox,15452,"2124 W. Lawrence Ave. Chicago, IL 60640",S0B248CF276FF1006,F0B239FFE14991002,Rubber Chicken,8.99,0,3,0,0,2025-08-15 22:00:40
2026-04-23T11:39:47Z,borellis,Borelli's Box,BorellisBox,15452,"2124 W. Lawrence Ave. Chicago, IL 60640",S0B2479398C501008,2295041942,Shrimp Scalpi Head Massager,10.0,1,0,,0,2025-08-23 18:39:00
2026-04-23T11:39:47Z,borellis,Borelli's Box,BorellisBox,15452,"2124 W. Lawrence Ave. Chicago, IL 60640",S0B248CF276E11005,078300070320,Stay free Maxi Pads,4.99,6,6,100,0,2025-06-25 14:16:11
2026-04-23T11:39:47Z,borellis,Borelli's Box,BorellisBox,15452,"2124 W. Lawrence Ave. Chicago, IL 60640",S0B2716F0831E100C,F0B2716F0831E100A,Sun Flower Hand Held Folding Fan,1.99,0,0,,0,2025-08-14 20:17:21
2026-04-23T11:39:47Z,borellis,Borelli's Box,BorellisBox,15452,"2124 W. Lawrence Ave. Chicago, IL 60640",S0B248CF277191002,073010214095,Tampax Regular 10ct,4.99,6,6,100,0,2025-06-25 14:16:11
2026-04-23T11:39:47Z,borellis,Borelli's Box,BorellisBox,15452,"2124 W. Lawrence Ave. Chicago, IL 60640",S0B24D692F154100D,F0B24D692F154100B,Tater Tats Temporary Tattoos (8 pack),10.0,4,4,100,0,2025-06-25 14:16:11
2026-04-23T11:39:47Z,borellis,Borelli's Box,BorellisBox,15452,"2124 W. Lawrence Ave. Chicago, IL 60640",S0B246944E81B1008,037000018704,Tide To Go Stick,4.99,2,2,100,0,2025-06-25 14:16:11
2026-04-23T11:39:47Z,borellis,Borelli's Box,BorellisBox,15452,"2124 W. Lawrence Ave. Chicago, IL 60640",S0B248CF277231002,071603125001,Trim Nail Clipper,5.0,4,6,67,0,2025-06-25 14:16:11
2026-04-23T11:39:47Z,borellis,Borelli's Box,BorellisBox,15452,"2124 W. Lawrence Ave. Chicago, IL 60640",S0B248CF276F01001,082815004213,Weather Zone Umbrella,9.99,1,2,50,0,2025-06-25 14:16:11
